id,title,description,imageUrl,playUrl,authorId,createdAt,updatedAt,tagcategory,xaccount,galleryImage1,galleryImage2,galleryImage3,galleryImage4
"cc4c1e10-ce79-4157-9138-7f59e14ef6fc","Dogfight Arena","Pilot WW2 planes in the most exciting and realistic dogfights!","https://res.cloudinary.com/dxow1rafl/image/upload/v1741710493/grokade-screenshots/game_4_1741710492449_Dogfight_Arena_20250310_095322.png.png","https://fly.zullo.fun/","a6c246ae-f84b-4c43-87b4-05db6b55afc3",2025-03-16T02:13:30.327Z,2025-03-16T02:13:30.327Z,,,,,,
"cab0a67a-4967-4c77-901d-12970681ec85","Flight Simulator","Flight simulator with great visuals","https://res.cloudinary.com/dxow1rafl/image/upload/v1741710580/grokade-screenshots/game_90_1741710579391_Flight_Simulator_20250310_095558.png.png","https://flyhi.netlify.app/","a6c246ae-f84b-4c43-87b4-05db6b55afc3",2025-03-16T02:13:31.786Z,2025-03-16T02:13:31.786Z,,,,,,
"44574953-604c-483e-a60a-b00c0ea3a7ef","fly.pieter","Racing game with AI-controlled opponents.","https://res.cloudinary.com/dxow1rafl/image/upload/v1741710520/grokade-screenshots/game_42_1741710520017_Flight_Simulator_2025_20250310_095508.png.png","https://fly.pieter.com/","a6c246ae-f84b-4c43-87b4-05db6b55afc3",2025-03-16T02:13:31.948Z,2025-03-16T02:13:31.948Z,,,,,,
"d675ee59-bc51-4acb-a74a-2a51dca64cbe","Santa's Letter Quest","A fun browser game where Santa throws snowballs at ghosts to collect letters and win.","https://res.cloudinary.com/dxow1rafl/image/upload/v1741710568/grokade-screenshots/game_80_1741710567833_Santa_s_Letter_Quest_20250310_095539.png.png","https://www.santasletterquest.com/","a6c246ae-f84b-4c43-87b4-05db6b55afc3",2025-03-16T02:13:34.607Z,2025-03-17T19:43:39.741Z,"Strategy,Puzzle",,,,,
"054009be-8fa3-4bdb-a853-57f5c355583f","PingPongAI","Ping Pong game","https://res.cloudinary.com/dxow1rafl/image/upload/v1741710569/grokade-screenshots/game_66_1741710568864_PingPongAI_20250310_095514.png.png","https://pingpongai.vercel.app/","a6c246ae-f84b-4c43-87b4-05db6b55afc3",2025-03-16T02:13:33.759Z,2025-03-17T19:43:50.320Z,"Arcade",,,,,
"c654d714-e02a-48f8-aaed-93db25cd9d15","Mechazilla!","Land the booster into the arms of Mechazilla!","https://res.cloudinary.com/dxow1rafl/image/upload/v1741710575/grokade-screenshots/game_1_1741710574986_thumbnail_1741629091698_750772407.png.png","https://land-the-booster.s13k.dev/v2.html","a6c246ae-f84b-4c43-87b4-05db6b55afc3",2025-03-16T02:13:33.212Z,2025-03-16T02:13:33.212Z,,,,,,
"75d16c0b-6af6-482b-8333-44247339f9e8","Moonlanders","Fly anywhere in the world from your Browser, sim test built with AI assistance",,"https://m.moonlanders.net/","a6c246ae-f84b-4c43-87b4-05db6b55afc3",2025-03-16T02:13:33.450Z,2025-03-16T02:13:33.450Z,,,,,,
"f68e6594-fe6b-4779-8483-99c510580c6b","Space Combat","Fight In Space","https://res.cloudinary.com/dxow1rafl/image/upload/v1741710577/grokade-screenshots/game_91_1741710577243_Space_Combat_20250310_095600.png.png","https://spacefightergame.com/","a6c246ae-f84b-4c43-87b4-05db6b55afc3",2025-03-16T02:13:35.081Z,2025-03-16T02:13:35.081Z,,,,,,
"d5fba96c-069e-4242-9206-3d145ccf899a","Hot Air Balloon","A visually stunning, multiplayer hot air balloon game set over the Alps.","https://res.cloudinary.com/dxow1rafl/image/upload/v1742171211/grokade-screenshots/Hot_Air_Balloon_Adventure_20250316_155638.png","https://www.hotairvibe.com/","a6c246ae-f84b-4c43-87b4-05db6b55afc3",2025-03-16T22:22:34.786Z,2025-03-17T19:45:02.707Z,"Sports,Adventure","https://x.com/SieversJosua","https://res.cloudinary.com/dxow1rafl/image/upload/v1742171211/grokade-screenshots/Hot_Air_Balloon_Adventure_20250316_155638.png","https://res.cloudinary.com/dxow1rafl/image/upload/v1742171531/grokade-screenshots/Hot_Air_Balloon_Adventure_20250310_203245.png","https://res.cloudinary.com/dxow1rafl/image/upload/v1742171532/grokade-screenshots/Hot_Air_Balloon_Adventure_20250310_202401.png",
"b492c7d1-f9c5-4b3b-a49b-eae4fe82bc83","Vibe Karting","Karting racing game","https://res.cloudinary.com/dxow1rafl/image/upload/v1741710476/grokade-screenshots/game_3_1741710475505_Vibe_Karting_20250310_095320.png.png","https://vibekarting.com/","a6c246ae-f84b-4c43-87b4-05db6b55afc3",2025-03-16T02:13:36.504Z,2025-03-16T02:13:36.504Z,,,,,,
"bb935fc4-4063-4709-874a-20e8dd1ba36f","Antsantsants","You are an ant. You can dig.","https://res.cloudinary.com/dxow1rafl/image/upload/v1742171206/grokade-screenshots/Antsantsants_20250310_203309.png","https://antsantsants.xyz","a6c246ae-f84b-4c43-87b4-05db6b55afc3",2025-03-16T22:22:34.786Z,2025-03-16T22:22:34.786Z,"Arcade,Shooter,Sports","https://x.com/ranking091","https://res.cloudinary.com/dxow1rafl/image/upload/v1742171206/grokade-screenshots/Antsantsants_20250310_203309.png","https://res.cloudinary.com/dxow1rafl/image/upload/v1742171513/grokade-screenshots/Antsantsants_20250316_155749.png","https://res.cloudinary.com/dxow1rafl/image/upload/v1742171514/grokade-screenshots/Antsantsants_20250310_202445.png",
"2964c8d9-953c-41a9-aa4f-653d261d14e6","Car vs Monsters","Drive through the city while avoiding or confronting monsters. Collect power-ups to survive longer and defeat enemies!","https://res.cloudinary.com/dxow1rafl/image/upload/v1742171208/grokade-screenshots/Car_vs_Monsters_20250310_203205.png","https://3d-racer.netlify.app/","a6c246ae-f84b-4c43-87b4-05db6b55afc3",2025-03-16T22:22:34.786Z,2025-03-16T22:22:34.786Z,"Racing,Shooter,Simulation","https://x.com/markszymik","https://res.cloudinary.com/dxow1rafl/image/upload/v1742171208/grokade-screenshots/Car_vs_Monsters_20250310_203205.png","https://res.cloudinary.com/dxow1rafl/image/upload/v1742171517/grokade-screenshots/Car_vs_Monsters_20250316_155805.png","https://res.cloudinary.com/dxow1rafl/image/upload/v1742171518/grokade-screenshots/Car_vs_Monsters_20250310_202335.png","https://res.cloudinary.com/dxow1rafl/image/upload/v1742171520/grokade-screenshots/Car_vs_Monsters_20250316_155546.png"
"3ebb0eb7-753f-4778-8b67-7fd98a94b49c","ShooterWorldAI","Multiplayer FPS Game","https://res.cloudinary.com/dxow1rafl/image/upload/v1742171209/grokade-screenshots/ShooterWorldAI_20250316_155913.png","https://shooterworldai.com/","a6c246ae-f84b-4c43-87b4-05db6b55afc3",2025-03-16T22:22:34.786Z,2025-03-16T22:22:34.786Z,"Shooter,Action","https://x.com/FeineCapital","https://res.cloudinary.com/dxow1rafl/image/upload/v1742171209/grokade-screenshots/ShooterWorldAI_20250316_155913.png","https://res.cloudinary.com/dxow1rafl/image/upload/v1742171525/grokade-screenshots/ShooterWorldAI_20250316_155508.png","https://res.cloudinary.com/dxow1rafl/image/upload/v1742171527/grokade-screenshots/ShooterWorldAI_20250310_203233.png","https://res.cloudinary.com/dxow1rafl/image/upload/v1742171528/grokade-screenshots/ShooterWorldAI_20250310_202438.png"
"f8279a3a-cbc2-446e-a640-080b05366998","Word Smash","Fun Typing Challenge Game","https://res.cloudinary.com/dxow1rafl/image/upload/v1742171213/grokade-screenshots/Word_Smash_20250316_155852.png","https://wordsmash.apsquared.co","a6c246ae-f84b-4c43-87b4-05db6b55afc3",2025-03-16T22:22:34.786Z,2025-03-16T22:22:34.786Z,"Arcade,Puzzle,Sports","https://x.com/apsquareddev","https://res.cloudinary.com/dxow1rafl/image/upload/v1742171213/grokade-screenshots/Word_Smash_20250316_155852.png","https://res.cloudinary.com/dxow1rafl/image/upload/v1742171535/grokade-screenshots/Word_Smash_20250316_155937.png","https://res.cloudinary.com/dxow1rafl/image/upload/v1742171536/grokade-screenshots/Word_Smash_20250310_203347.png","https://res.cloudinary.com/dxow1rafl/image/upload/v1742171538/grokade-screenshots/Word_Smash_20250310_202326.png"
"34734b25-58ec-46ab-ac41-1bceccdab4fa","Grid Golf","","https://res.cloudinary.com/dxow1rafl/image/upload/v1742171215/grokade-screenshots/Grid_Golf_20250316_160020.png","https://gridgolf.netlify.app/","a6c246ae-f84b-4c43-87b4-05db6b55afc3",2025-03-16T22:22:34.786Z,2025-03-16T22:22:34.786Z,"Sports,Arcade,Platform","https://x.com/byteonwire","https://res.cloudinary.com/dxow1rafl/image/upload/v1742171215/grokade-screenshots/Grid_Golf_20250316_160020.png","https://res.cloudinary.com/dxow1rafl/image/upload/v1742171547/grokade-screenshots/Grid_Golf_20250310_203339.png","https://res.cloudinary.com/dxow1rafl/image/upload/v1742171548/grokade-screenshots/Grid_Golf_20250310_202444.png",
"63ecb365-86eb-4c0e-9100-b697c7df6a90","Pirate and fishing game","Basically you go around and fish and there are monsters that attack you","https://res.cloudinary.com/dxow1rafl/image/upload/v1742171217/grokade-screenshots/Pirate_and_fishing_game_20250310_203158.png","https://boats.dyoburon.com/","a6c246ae-f84b-4c43-87b4-05db6b55afc3",2025-03-16T22:22:34.786Z,2025-03-16T22:22:34.786Z,"Racing","https://x.com/dyoburon","https://res.cloudinary.com/dxow1rafl/image/upload/v1742171217/grokade-screenshots/Pirate_and_fishing_game_20250310_203158.png","https://res.cloudinary.com/dxow1rafl/image/upload/v1742171552/grokade-screenshots/Pirate_and_fishing_game_20250310_202333.png","https://res.cloudinary.com/dxow1rafl/image/upload/v1742171553/grokade-screenshots/Pirate_and_fishing_game_20250316_155725.png",
"8c2d3fdb-bfa7-4838-9e7e-fbe9ca69c12b","Boat Race 3D","You drive a boat around Santorini topography, shoot at other boats and listen to cool music","https://res.cloudinary.com/dxow1rafl/image/upload/v1742171219/grokade-screenshots/Boat_Race_3D_20250316_155745.png","https://boatrace3d.com/","a6c246ae-f84b-4c43-87b4-05db6b55afc3",2025-03-16T22:22:34.786Z,2025-03-16T22:22:34.786Z,"Racing,Action,Shooter","https://x.com/codefun_xyz","https://res.cloudinary.com/dxow1rafl/image/upload/v1742171219/grokade-screenshots/Boat_Race_3D_20250316_155745.png","https://res.cloudinary.com/dxow1rafl/image/upload/v1742171556/grokade-screenshots/Boat_Race_3D_20250316_155934.png",,
"30cdfe59-56b7-4ea4-8f20-c975698e4541","Freight Frenzy","Trucking themed endless runner","https://res.cloudinary.com/dxow1rafl/image/upload/v1742171221/grokade-screenshots/Freight_Frenzy_20250310_202526.png","https://freightgames.github.io/Freight-Frenzy/","a6c246ae-f84b-4c43-87b4-05db6b55afc3",2025-03-16T22:22:34.786Z,2025-03-16T22:22:34.786Z,"Arcade,Platform,Racing","https://x.com/StephenRuhe","https://res.cloudinary.com/dxow1rafl/image/upload/v1742171221/grokade-screenshots/Freight_Frenzy_20250310_202526.png","https://res.cloudinary.com/dxow1rafl/image/upload/v1742171559/grokade-screenshots/Freight_Frenzy_20250316_160025.png","https://res.cloudinary.com/dxow1rafl/image/upload/v1742171560/grokade-screenshots/Freight_Frenzy_20250316_155943.png","https://res.cloudinary.com/dxow1rafl/image/upload/v1742171561/grokade-screenshots/Freight_Frenzy_20250310_203154.png"
"708299c8-25f6-45c6-ad30-3dc8592775d4","TankNarok","Multiplayer tank battle game where you compete against other players in real-time combat. Maneuver your tank, avoid enemy fire, and destroy your opponents!","https://res.cloudinary.com/dxow1rafl/image/upload/v120250316/grokade-screenshots/TankNarok_20250316_154646.png","https://tanks.rpaby.pw/","a6c246ae-f84b-4c43-87b4-05db6b55afc3",2025-03-16T22:46:57.149Z,2025-03-17T19:41:34.534Z,"Fighting,Action,Shooter","https://x.com/paulwes_pw","https://res.cloudinary.com/dxow1rafl/image/upload/v1742171539/grokade-screenshots/TankNarok_20250316_154646.png","https://res.cloudinary.com/dxow1rafl/image/upload/v1742171541/grokade-screenshots/Tanknarok_20250316_155457.png","https://res.cloudinary.com/dxow1rafl/image/upload/v1742171542/grokade-screenshots/TankNarok_20250316_160229.png","https://res.cloudinary.com/dxow1rafl/image/upload/v1742171544/grokade-screenshots/Tanknarok_20250316_155815.png"
"bbdb0453-4d4d-45ed-ba49-e132cae453f1","Duke Nukem 3D 2025","It's time to kick ass and chew bubble gum.","https://res.cloudinary.com/dxow1rafl/image/upload/v1742171222/grokade-screenshots/Duke_Nukem_3D_2025_20250310_202519.png","https://duke.jobboardsearch.com/","a6c246ae-f84b-4c43-87b4-05db6b55afc3",2025-03-16T22:22:34.786Z,2025-03-17T19:43:13.146Z,"Adventure",,"https://res.cloudinary.com/dxow1rafl/image/upload/v1742171222/grokade-screenshots/Duke_Nukem_3D_2025_20250310_202519.png","https://res.cloudinary.com/dxow1rafl/image/upload/v1742171564/grokade-screenshots/Duke_Nukem_3D_2025_20250316_155622.png","https://res.cloudinary.com/dxow1rafl/image/upload/v1742171565/grokade-screenshots/Duke_Nukem_3D_2025_20250316_155839.png","https://res.cloudinary.com/dxow1rafl/image/upload/v1742171566/grokade-screenshots/Duke_Nukem_3D_2025_20250316_155557.png"
"e035a8c3-809b-4989-aa39-d5dae607c309","8 pool","AI pool game","https://res.cloudinary.com/dxow1rafl/image/upload/v1742171237/grokade-screenshots/8_pool_20250316_155748.png","https://mrdeex.github.io/8pool/","a6c246ae-f84b-4c43-87b4-05db6b55afc3",2025-03-16T22:22:34.786Z,2025-03-16T22:22:34.786Z,"Sports,Arcade","https://x.com/MrDee","https://res.cloudinary.com/dxow1rafl/image/upload/v1742171237/grokade-screenshots/8_pool_20250316_155748.png","https://res.cloudinary.com/dxow1rafl/image/upload/v1742171662/grokade-screenshots/8_pool_20250310_202506.png","https://res.cloudinary.com/dxow1rafl/image/upload/v1742171663/grokade-screenshots/8_pool_20250316_155724.png","https://res.cloudinary.com/dxow1rafl/image/upload/v1742171665/grokade-screenshots/8_pool_20250310_203211.png"
"bf456723-0c50-448d-9732-623f581da6a0","Dome Farm","Chill farming game on Mars. Build your own farm and grow your zen.","https://res.cloudinary.com/dxow1rafl/image/upload/v120250316/grokade-screenshots/Dome_Farm_20250316_154637.png","https://dome.jelmerdeboer.nl/","a6c246ae-f84b-4c43-87b4-05db6b55afc3",2025-03-16T22:46:57.149Z,2025-03-16T22:46:57.149Z,"Strategy","https://x.com/jelmerdeboer","https://res.cloudinary.com/dxow1rafl/image/upload/v1742171686/grokade-screenshots/Dome_Farm_20250310_202303.png","https://res.cloudinary.com/dxow1rafl/image/upload/v1742171688/grokade-screenshots/Dome_Farm_20250316_154637.png","https://res.cloudinary.com/dxow1rafl/image/upload/v1742171690/grokade-screenshots/Dome_Farm_20250316_160221.png","https://res.cloudinary.com/dxow1rafl/image/upload/v1742171691/grokade-screenshots/Dome_Farm_20250310_202608.png"
"844c3033-7af0-46bc-965f-d7d6c8696660","PokeBattle Arena","PokeBattle Arena is a lightweight, turn-based battler where you pick a Pokémon from a random lineup and square off against a surprise opponent. Built using Rep...","https://res.cloudinary.com/dxow1rafl/image/upload/v1742171240/grokade-screenshots/PokeBattle_Arena_20250316_155611.png","https://poke-battle-arena.replit.app/","a6c246ae-f84b-4c43-87b4-05db6b55afc3",2025-03-16T22:22:34.786Z,2025-03-16T22:22:34.786Z,"Fighting,Action","https://x.com/rajkstats","https://res.cloudinary.com/dxow1rafl/image/upload/v1742171240/grokade-screenshots/PokeBattle_Arena_20250316_155611.png","https://res.cloudinary.com/dxow1rafl/image/upload/v1742171695/grokade-screenshots/PokeBattle_Arena_20250310_203221.png","https://res.cloudinary.com/dxow1rafl/image/upload/v1742171696/grokade-screenshots/PokeBattle_Arena_20250310_202421.png","https://res.cloudinary.com/dxow1rafl/image/upload/v1742171698/grokade-screenshots/PokeBattle_Arena_20250316_155519.png"
"0b859c68-a877-40a3-9f8e-ca0bc40317b5","Cybertrucksim","A driving game where you and your buddies can cruise in a Cybertruck!","https://res.cloudinary.com/dxow1rafl/image/upload/v1742171304/grokade-screenshots/Cybertrucksim_20250310_202404.png","https://cybertrucksim.com/","a6c246ae-f84b-4c43-87b4-05db6b55afc3",2025-03-16T22:22:34.786Z,2025-03-16T22:22:34.786Z,"Racing,Simulation","https://x.com/Hi_Bennie","https://res.cloudinary.com/dxow1rafl/image/upload/v1742171304/grokade-screenshots/Cybertrucksim_20250310_202404.png","https://res.cloudinary.com/dxow1rafl/image/upload/v1742171984/grokade-screenshots/Cybertrucksim_20250310_203337.png",,
"2272eed7-d25d-496f-aece-6aa7cbaac8bd","Vibe Sail","Chill out and sail the waves in this relaxing game. Vibe Sail is a simple, calming game that allows you to relax and enjoy the beautiful scenery.","https://res.cloudinary.com/dxow1rafl/image/upload/v1742171239/grokade-screenshots/Vibe_Sail_20250316_160207.png","https://vibesail.com/","a6c246ae-f84b-4c43-87b4-05db6b55afc3",2025-03-16T22:46:57.149Z,2025-03-17T19:41:34.534Z,"Arcade,Simulation","https://x.com/NicolaManzini","https://res.cloudinary.com/dxow1rafl/image/upload/v1742171239/grokade-screenshots/Vibe_Sail_20250316_160207.png","https://res.cloudinary.com/dxow1rafl/image/upload/v1742171670/grokade-screenshots/Vibe_Sail_20250316_155531.png","https://res.cloudinary.com/dxow1rafl/image/upload/v1742171672/grokade-screenshots/Vibe_Sail_20250310_202556.png","https://res.cloudinary.com/dxow1rafl/image/upload/v1742171674/grokade-screenshots/Vibe_Sail_20250310_203404.png"
"f7a0e68c-d889-4436-be6a-9f592244ecf0","Builder","Calm, Minecraft like builder game","https://res.cloudinary.com/dxow1rafl/image/upload/v1742171242/grokade-screenshots/Builder_20250316_155701.png","https://www.regame.io","a6c246ae-f84b-4c43-87b4-05db6b55afc3",2025-03-16T22:22:34.786Z,2025-03-16T22:22:34.786Z,"Strategy,Survival","https://x.com/sarperdag","https://res.cloudinary.com/dxow1rafl/image/upload/v1742171242/grokade-screenshots/Builder_20250316_155701.png","https://res.cloudinary.com/dxow1rafl/image/upload/v1742171702/grokade-screenshots/Builder_20250310_203325.png","https://res.cloudinary.com/dxow1rafl/image/upload/v1742171703/grokade-screenshots/Builder_20250316_155613.png","https://res.cloudinary.com/dxow1rafl/image/upload/v1742171705/grokade-screenshots/Builder_20250310_202423.png"
"13a9b6f6-0b5b-416b-ab9e-3e143dd6bfce","Land the Booster V2","Control a powerful rocket, fire thrusters, and nail the perfect landing. Can you master the challenge?","https://res.cloudinary.com/dxow1rafl/image/upload/v120250316/grokade-screenshots/Land_the_booster_20250316_154546.webp","https://land-the-booster.s13k.dev/v2.html","a6c246ae-f84b-4c43-87b4-05db6b55afc3",2025-03-16T22:46:57.149Z,2025-03-16T22:46:57.149Z,"Exploration,Puzzle,Shooter","https://x.com/s13k_","https://res.cloudinary.com/dxow1rafl/image/upload/v1742171706/grokade-screenshots/Land_the_Booster_V2_20250316_155915.png","https://res.cloudinary.com/dxow1rafl/image/upload/v1742171708/grokade-screenshots/Land_the_Booster_V2_20250310_203307.png","https://res.cloudinary.com/dxow1rafl/image/upload/v1742171710/grokade-screenshots/Land_the_Booster_V2_20250310_202435.png","https://res.cloudinary.com/dxow1rafl/image/upload/v1742171712/grokade-screenshots/Land_the_Booster_V2_20250316_155859.png"
"162a11b3-6138-4540-86ae-f50619bac7f4","cowboy shooter","A free-to-play 3D runner shooting game, 100% AI-generated, from game assets to code vibe coded by @pseudokid, Cursor AI, Anthropic's Claude 3.7 Sonnet 3D assets...","https://res.cloudinary.com/dxow1rafl/image/upload/v120250316/grokade-screenshots/cowboy_shooter_20250316_154541.webp","https://cowboy.raymelon.com/","a6c246ae-f84b-4c43-87b4-05db6b55afc3",2025-03-16T22:46:57.149Z,2025-03-16T22:46:57.149Z,"Action,Shooter,Platform","https://x.com/pseudokid","https://res.cloudinary.com/dxow1rafl/image/upload/v1742171713/grokade-screenshots/Cowboy_Shooter_20250316_155637.png","https://res.cloudinary.com/dxow1rafl/image/upload/v1742171715/grokade-screenshots/Cowboy_Shooter_20250316_160104.png","https://res.cloudinary.com/dxow1rafl/image/upload/v1742171716/grokade-screenshots/cowboy_shooter_20250310_200904.jpg","https://res.cloudinary.com/dxow1rafl/image/upload/v1742171717/grokade-screenshots/cowboy_shooter_20250316_154541.jpg"
"00bae889-15b5-402f-976e-60f288c8c882","Classic Pong Game","A classic pong game vibe coding built.","https://res.cloudinary.com/dxow1rafl/image/upload/v1742171243/grokade-screenshots/Classic_Pong_Game_20250310_203327.png","https://maekitgames.com/pong","a6c246ae-f84b-4c43-87b4-05db6b55afc3",2025-03-16T22:22:34.786Z,2025-03-16T22:22:34.786Z,"Arcade,Sports","https://x.com/vibecoding_","https://res.cloudinary.com/dxow1rafl/image/upload/v1742171243/grokade-screenshots/Classic_Pong_Game_20250310_203327.png","https://res.cloudinary.com/dxow1rafl/image/upload/v1742171723/grokade-screenshots/Classic_Pong_Game_20250316_155857.png","https://res.cloudinary.com/dxow1rafl/image/upload/v1742171724/grokade-screenshots/Classic_Pong_Game_20250310_202507.png","https://res.cloudinary.com/dxow1rafl/image/upload/v1742171726/grokade-screenshots/Classic_Pong_Game_20250316_155910.png"
"b7c322be-7029-435d-baf3-631200ce6ddb","Word God","From Void to Universe. Eginning with primordial concepts, evolve a unique glorious universe through your ability to combine words. Watch your creation grow and ...","https://res.cloudinary.com/dxow1rafl/image/upload/v1742171245/grokade-screenshots/Word_God_20250310_202427.png","https://www.experimentswithai.com/word-god-mindfulness-game.html","a6c246ae-f84b-4c43-87b4-05db6b55afc3",2025-03-16T22:22:34.786Z,2025-03-16T22:22:34.786Z,"Puzzle,Adventure","https://x.com/edwinhayward","https://res.cloudinary.com/dxow1rafl/image/upload/v1742171245/grokade-screenshots/Word_God_20250310_202427.png","https://res.cloudinary.com/dxow1rafl/image/upload/v1742171730/grokade-screenshots/Word_God_20250310_203223.png",,
"90dd0c2f-f8cf-47ff-81a5-9613739b59b3","Astro Breaker","High-energy First Person Shooter that blends explosive arcade action with precision physics-based gameplay.","https://res.cloudinary.com/dxow1rafl/image/upload/v1742171246/grokade-screenshots/Astro_Breaker_20250310_203302.png","https://hytopia.com/games/astro-breaker/","a6c246ae-f84b-4c43-87b4-05db6b55afc3",2025-03-16T22:22:34.786Z,2025-03-16T22:22:34.786Z,"Action,Shooter,Arcade","https://x.com/NeuralPixelAI","https://res.cloudinary.com/dxow1rafl/image/upload/v1742171246/grokade-screenshots/Astro_Breaker_20250310_203302.png","https://res.cloudinary.com/dxow1rafl/image/upload/v1742171734/grokade-screenshots/Astro_Breaker_20250310_202347.png","https://res.cloudinary.com/dxow1rafl/image/upload/v1742171737/grokade-screenshots/Astro_Breaker_20250316_155836.png",
"5ab0ce77-3c98-4659-a98f-357d042047d9","Star Wing","Star Wing is a 3D spaceship shooter built with Three.js for web browsers. The player controls a lone starfighter pilot in a game that blends classic arcade shoo...","https://res.cloudinary.com/dxow1rafl/image/upload/v1742171248/grokade-screenshots/Star_Wing_20250316_155832.png","https://star-wing-drosshole.vercel.app","a6c246ae-f84b-4c43-87b4-05db6b55afc3",2025-03-16T22:22:34.786Z,2025-03-16T22:22:34.786Z,"Action,Arcade,Fighting","https://x.com/drosshole",,,,
"04699df4-76cd-4f84-900a-dd65d5ae7052","Pork Droid","Retro like asteroids game with a modern twist","https://res.cloudinary.com/dxow1rafl/image/upload/v1742171250/grokade-screenshots/Pork_Droid_20250310_202451.png","https://PorkDroid.com","a6c246ae-f84b-4c43-87b4-05db6b55afc3",2025-03-16T22:22:34.786Z,2025-03-16T22:22:34.786Z,"Arcade,Action,Shooter","https://x.com/reignboat","https://res.cloudinary.com/dxow1rafl/image/upload/v1742171250/grokade-screenshots/Pork_Droid_20250310_202451.png","https://res.cloudinary.com/dxow1rafl/image/upload/v1742171740/grokade-screenshots/Pork_Droid_20250316_155808.png","https://res.cloudinary.com/dxow1rafl/image/upload/v1742171741/grokade-screenshots/Pork_Droid_20250310_203218.png",
"7fa78729-6336-441f-8ed6-9c827de2bfe3","Asteroid Assault","Asteroid shooter arcade game","https://res.cloudinary.com/dxow1rafl/image/upload/v1742171251/grokade-screenshots/Asteroid_Assault_20250310_202503.png","https://asteroid-ep9.pages.dev/","a6c246ae-f84b-4c43-87b4-05db6b55afc3",2025-03-16T22:22:34.786Z,2025-03-16T22:22:34.786Z,"Arcade,Shooter,Action","https://x.com/NoFlinch","https://res.cloudinary.com/dxow1rafl/image/upload/v1742171251/grokade-screenshots/Asteroid_Assault_20250310_202503.png","https://res.cloudinary.com/dxow1rafl/image/upload/v1742171743/grokade-screenshots/Asteroid_Assault_20250310_203359.png","https://res.cloudinary.com/dxow1rafl/image/upload/v1742171745/grokade-screenshots/Asteroid_Assault_20250316_155553.png","https://res.cloudinary.com/dxow1rafl/image/upload/v1742171746/grokade-screenshots/Asteroid_Assault_20250316_155633.png"
"b98ca5e9-7424-4208-8f0a-dbac8c6ca808","ClaudeSpace","Survive the cosmos in ClaudeSpace: dodge asteroids, blast enemies, and master your ship's weapons in this high-speed space shooter.","https://res.cloudinary.com/dxow1rafl/image/upload/v1742171253/grokade-screenshots/ClaudeSpace_20250316_155834.png","https://ladegeraet.github.io/claudespace/","a6c246ae-f84b-4c43-87b4-05db6b55afc3",2025-03-16T22:22:34.786Z,2025-03-16T22:22:34.786Z,"Shooter,Action,Racing","https://x.com/Oho_name","https://res.cloudinary.com/dxow1rafl/image/upload/v1742171253/grokade-screenshots/ClaudeSpace_20250316_155834.png","https://res.cloudinary.com/dxow1rafl/image/upload/v1742171751/grokade-screenshots/ClaudeSpace_20250310_202539.png","https://res.cloudinary.com/dxow1rafl/image/upload/v1742171752/grokade-screenshots/ClaudeSpace_20250316_155529.png","https://res.cloudinary.com/dxow1rafl/image/upload/v1742171754/grokade-screenshots/ClaudeSpace_20250316_155850.png"
"219f782b-fed3-4c58-84ec-25f59e930d34","Gladiator Arena","three.js gladiator arena with your own gladiator and several weapons to choose from. Will receive regular updates so check out often to see what's new.","https://res.cloudinary.com/dxow1rafl/image/upload/v1742171255/grokade-screenshots/Gladiator_Arena_20250310_203321.png","https://3js-arena-v5-long-fog-3116.fly.dev/","a6c246ae-f84b-4c43-87b4-05db6b55afc3",2025-03-16T22:22:34.786Z,2025-03-16T22:22:34.786Z,"Fighting,Shooter","https://x.com/rfitzpatrick_io","https://res.cloudinary.com/dxow1rafl/image/upload/v1742171255/grokade-screenshots/Gladiator_Arena_20250310_203321.png","https://res.cloudinary.com/dxow1rafl/image/upload/v1742171762/grokade-screenshots/Gladiator_Arena_20250310_202425.png",,
"23f70fdf-049c-4b86-b946-d66ef18d38b4","Super Jumper","Jump , Take Boost, Play and get to Finish Line","https://res.cloudinary.com/dxow1rafl/image/upload/v1742171257/grokade-screenshots/Super_Jumper_20250316_155835.png","https://super-jumper-game.web.app/","a6c246ae-f84b-4c43-87b4-05db6b55afc3",2025-03-16T22:22:34.786Z,2025-03-16T22:22:34.786Z,"Platform","https://x.com/nishant_ty","https://res.cloudinary.com/dxow1rafl/image/upload/v1742171257/grokade-screenshots/Super_Jumper_20250316_155835.png","https://res.cloudinary.com/dxow1rafl/image/upload/v1742171764/grokade-screenshots/Super_Jumper_20250310_202403.png","https://res.cloudinary.com/dxow1rafl/image/upload/v1742171765/grokade-screenshots/Super_Jumper_20250316_155506.png","https://res.cloudinary.com/dxow1rafl/image/upload/v1742171766/grokade-screenshots/Super_Jumper_20250310_203206.png"
"db27129f-f6b4-409d-8d3a-20a590c816f3","Formula Simulator Racing","Experience the thrill of high-speed racing in this immersive 3D Formula racing simulator! Race through a dynamic open world filled with challenging obstacles, c...","https://res.cloudinary.com/dxow1rafl/image/upload/v1742171258/grokade-screenshots/Formula_Simulator_Racing_20250316_160004.png","https://racing-car-game.onrender.com/","a6c246ae-f84b-4c43-87b4-05db6b55afc3",2025-03-16T22:22:34.786Z,2025-03-16T22:22:34.786Z,"Simulation,Sports,Arcade","https://x.com/emreozdiyar","https://res.cloudinary.com/dxow1rafl/image/upload/v1742171258/grokade-screenshots/Formula_Simulator_Racing_20250316_160004.png","https://res.cloudinary.com/dxow1rafl/image/upload/v1742171770/grokade-screenshots/Formula_Simulator_Racing_20250310_202524.png","https://res.cloudinary.com/dxow1rafl/image/upload/v1742171771/grokade-screenshots/Formula_Simulator_Racing_20250316_155658.png","https://res.cloudinary.com/dxow1rafl/image/upload/v1742171773/grokade-screenshots/Formula_Simulator_Racing_20250310_203255.png"
"b25564d4-e26d-4933-baa4-60d04b385a6a","Pong Arcade","Challenge the AI or play against a friend in this modern recreation of Pong.","https://res.cloudinary.com/dxow1rafl/image/upload/v1742171259/grokade-screenshots/Pong_Arcade_20250316_155549.png","https://www.pongarcade.com/","a6c246ae-f84b-4c43-87b4-05db6b55afc3",2025-03-16T22:22:34.786Z,2025-03-16T22:22:34.786Z,"Arcade,Puzzle,Racing","https://x.com/mischeiwiller","https://res.cloudinary.com/dxow1rafl/image/upload/v1742171259/grokade-screenshots/Pong_Arcade_20250316_155549.png","https://res.cloudinary.com/dxow1rafl/image/upload/v1742171788/grokade-screenshots/Pong_Arcade_20250310_203346.png","https://res.cloudinary.com/dxow1rafl/image/upload/v1742171789/grokade-screenshots/Pong_Arcade_20250316_155644.png","https://res.cloudinary.com/dxow1rafl/image/upload/v1742171791/grokade-screenshots/Pong_Arcade_20250316_160000.png"
"55887d6d-ef93-44fc-9e0a-afb5cbd83df0","Dyson Defender","Defend the Dyson sphere from waves of alien invaders!","https://res.cloudinary.com/dxow1rafl/image/upload/v1742171261/grokade-screenshots/Dyson_Defender_20250310_203358.png","https://dyson-defender.vercel.app/","a6c246ae-f84b-4c43-87b4-05db6b55afc3",2025-03-16T22:22:34.786Z,2025-03-16T22:22:34.786Z,"Arcade","https://x.com/hankofalltrades","https://res.cloudinary.com/dxow1rafl/image/upload/v1742171261/grokade-screenshots/Dyson_Defender_20250310_203358.png","https://res.cloudinary.com/dxow1rafl/image/upload/v1742171795/grokade-screenshots/Dyson_Defender_20250316_160112.png","https://res.cloudinary.com/dxow1rafl/image/upload/v1742171797/grokade-screenshots/Dyson_Defender_20250310_202411.png",
"73875939-a972-4927-b0c6-ae68249bfdb9","AI Bomber Game","Inspired by bomberman, with 3D touches and twists","https://res.cloudinary.com/dxow1rafl/image/upload/v1742171263/grokade-screenshots/AI_Bomber_Game_20250310_203216.png","https://bomberman-bice.vercel.app/","a6c246ae-f84b-4c43-87b4-05db6b55afc3",2025-03-16T22:22:34.786Z,2025-03-16T22:22:34.786Z,"Racing","https://x.com/tuantruong","https://res.cloudinary.com/dxow1rafl/image/upload/v1742171263/grokade-screenshots/AI_Bomber_Game_20250310_203216.png","https://res.cloudinary.com/dxow1rafl/image/upload/v1742171801/grokade-screenshots/AI_Bomber_Game_20250316_155554.png","https://res.cloudinary.com/dxow1rafl/image/upload/v1742171803/grokade-screenshots/AI_Bomber_Game_20250310_202536.png",
"0af2b647-0e29-4f99-b32f-96501608bf3c","Cops and Robbers","Either be Robber who has to steal money or play as a cop who catches robbers. More like GTA and NFS.","https://res.cloudinary.com/dxow1rafl/image/upload/v1742171265/grokade-screenshots/Cops_and_Robbers_20250310_202501.png","https://cnr.khatarnakishan.com/","a6c246ae-f84b-4c43-87b4-05db6b55afc3",2025-03-16T22:22:34.786Z,2025-03-16T22:22:34.786Z,"Racing,Arcade,Shooter","https://x.com/Khatarnak_Ishan","https://res.cloudinary.com/dxow1rafl/image/upload/v1742171265/grokade-screenshots/Cops_and_Robbers_20250310_202501.png","https://res.cloudinary.com/dxow1rafl/image/upload/v1742171805/grokade-screenshots/Cops_and_Robbers_20250316_155607.png","https://res.cloudinary.com/dxow1rafl/image/upload/v1742171807/grokade-screenshots/Cops_and_Robbers_20250316_155606.png","https://res.cloudinary.com/dxow1rafl/image/upload/v1742171808/grokade-screenshots/Cops_and_Robbers_20250310_203342.png"
"4aaa007f-ff17-452a-8917-4dd47a8102b4","Wing Man","Fly a hang-glider","https://res.cloudinary.com/dxow1rafl/image/upload/v1742171266/grokade-screenshots/Wing_Man_20250316_155617.png","https://hugohamelcom.github.io/wing-man-game/","a6c246ae-f84b-4c43-87b4-05db6b55afc3",2025-03-16T22:22:34.786Z,2025-03-16T22:22:34.786Z,"Adventure,Racing,Shooter","https://x.com/hugohamelcom","https://res.cloudinary.com/dxow1rafl/image/upload/v1742171266/grokade-screenshots/Wing_Man_20250316_155617.png","https://res.cloudinary.com/dxow1rafl/image/upload/v1742171814/grokade-screenshots/Wing_Man_20250310_202418.png","https://res.cloudinary.com/dxow1rafl/image/upload/v1742171815/grokade-screenshots/Wing_Man_20250310_203200.png",
"31c831b2-5562-4968-ba09-1a5459bb1b92","Bubble Basher","Fast paced, pick up and play, multiplayer bubble bashing","https://res.cloudinary.com/dxow1rafl/image/upload/v1742171268/grokade-screenshots/Bubble_Basher_20250316_155942.png","https://bubblebasher.com","a6c246ae-f84b-4c43-87b4-05db6b55afc3",2025-03-16T22:22:34.786Z,2025-03-16T22:22:34.786Z,"Racing","https://x.com/JonathanACaruso","https://res.cloudinary.com/dxow1rafl/image/upload/v1742171268/grokade-screenshots/Bubble_Basher_20250316_155942.png","https://res.cloudinary.com/dxow1rafl/image/upload/v1742171818/grokade-screenshots/Bubble_Basher_20250316_155851.png","https://res.cloudinary.com/dxow1rafl/image/upload/v1742171819/grokade-screenshots/Bubble_Basher_20250316_155914.png","https://res.cloudinary.com/dxow1rafl/image/upload/v1742171821/grokade-screenshots/Bubble_Basher_20250316_155657.png"
"e5e98736-5eed-4bf3-82d5-fbc29eaaf4b2","VybeRace","VybeRace is a fun, simple racing game with textured roads and scenic trees. Drift off-road to leave tire marks and feel the realistic slowdown—aim to be the f...","https://res.cloudinary.com/dxow1rafl/image/upload/v120250316/grokade-screenshots/VybeRace_20250316_154645.png","https://vibegames.cc/browse/vyberace","a6c246ae-f84b-4c43-87b4-05db6b55afc3",2025-03-16T22:46:57.149Z,2025-03-16T22:46:57.149Z,"Racing,Simulation,Arcade","https://x.com/AlbertSimonDev","https://res.cloudinary.com/dxow1rafl/image/upload/v1742171826/grokade-screenshots/VybeRace_20250316_160228.png","https://res.cloudinary.com/dxow1rafl/image/upload/v1742171828/grokade-screenshots/VybeRace_20250316_155641.png","https://res.cloudinary.com/dxow1rafl/image/upload/v1742171830/grokade-screenshots/VybeRace_20250316_155939.png","https://res.cloudinary.com/dxow1rafl/image/upload/v1742171832/grokade-screenshots/VybeRace_20250316_155812.png"
"35096d12-6a4a-4e7a-aed9-19b5db5db10c","Planetary","Explore space, get into dogfights, do spaceflight time trials","https://res.cloudinary.com/dxow1rafl/image/upload/v1742171269/grokade-screenshots/Planetary_20250316_155706.png","https://magnificent-zabaione-675839.netlify.app/","a6c246ae-f84b-4c43-87b4-05db6b55afc3",2025-03-16T22:22:34.786Z,2025-03-16T22:22:34.786Z,"Strategy,Adventure,Exploration","https://x.com/jbelevate","https://res.cloudinary.com/dxow1rafl/image/upload/v1742171269/grokade-screenshots/Planetary_20250316_155706.png","https://res.cloudinary.com/dxow1rafl/image/upload/v1742171842/grokade-screenshots/Planetary_20250310_202459.png","https://res.cloudinary.com/dxow1rafl/image/upload/v1742171844/grokade-screenshots/Planetary_20250310_203152.png","https://res.cloudinary.com/dxow1rafl/image/upload/v1742171846/grokade-screenshots/Planetary_20250316_155722.png"
"d5114658-91f6-4b1f-834d-be49235e419c","Space Force: Drain The Swamp","Take to the stars as Donald Trump or Elon Musk in Space Force: Drain The Swamp, a thrilling Galaxian-inspired space shooter where patriotism meets intergalactic...",,"https://hcbgreatwall.itch.io/space-force-drain-the-swamp","a6c246ae-f84b-4c43-87b4-05db6b55afc3",2025-03-16T22:22:34.786Z,2025-03-16T22:22:34.786Z,"Action,Shooter,Arcade","https://x.com/HCBGreatWall",,,,
"533711da-7205-4171-b1b3-76f725ce4da2","Rock Water Skipping","A fun free-to-play Rock skipping primitive arcade game with real physics 100% made with AI, without any loading screen or game updates, ""Just works"".",,"https://rock-water-skipping.vercel.app/","a6c246ae-f84b-4c43-87b4-05db6b55afc3",2025-03-16T22:22:34.786Z,2025-03-16T22:22:34.786Z,"Arcade,Simulation","https://x.com/Stianwalgermo",,,,
"2c91becf-3c2b-4692-a762-66caeec53d1e","Dune Wanderer","Wander the dessert in search of wells","https://res.cloudinary.com/dxow1rafl/image/upload/v1742171272/grokade-screenshots/Dune_Wanderer_20250310_203252.png","https://dunewanderer.com/","a6c246ae-f84b-4c43-87b4-05db6b55afc3",2025-03-16T22:22:34.786Z,2025-03-16T22:22:34.786Z,"Platform","https://x.com/balt1794","https://res.cloudinary.com/dxow1rafl/image/upload/v1742171272/grokade-screenshots/Dune_Wanderer_20250310_203252.png","https://res.cloudinary.com/dxow1rafl/image/upload/v1742171861/grokade-screenshots/Dune_Wanderer_20250310_202351.png",,
"d41e8753-0ada-4b33-bed9-a688ffa34d9e","Emoji Sim","A village of emojis at your command. Create your own villages and even build out your game rules. Learn from others and lead your villagers","https://res.cloudinary.com/dxow1rafl/image/upload/v1742171273/grokade-screenshots/Emoji_Sim_20250316_155811.png","https://emojisim.com/","a6c246ae-f84b-4c43-87b4-05db6b55afc3",2025-03-16T22:22:34.786Z,2025-03-16T22:22:34.786Z,"Simulation,Strategy,Exploration","https://x.com/benwmaddox","https://res.cloudinary.com/dxow1rafl/image/upload/v1742171273/grokade-screenshots/Emoji_Sim_20250316_155811.png","https://res.cloudinary.com/dxow1rafl/image/upload/v1742171863/grokade-screenshots/Emoji_Sim_20250310_203241.png","https://res.cloudinary.com/dxow1rafl/image/upload/v1742171864/grokade-screenshots/Emoji_Sim_20250310_202328.png",
"341b131e-4d79-4f7b-82da-bf8174bcceaf","Artillery Defense","Defend your base by shooting down enemy paratroopers","https://res.cloudinary.com/dxow1rafl/image/upload/v1742171275/grokade-screenshots/Artillery_Defense_20250316_155849.png","https://www.craygen.com/artillery/","a6c246ae-f84b-4c43-87b4-05db6b55afc3",2025-03-16T22:22:34.786Z,2025-03-16T22:22:34.786Z,"Action,Shooter","https://x.com/craygen9","https://res.cloudinary.com/dxow1rafl/image/upload/v1742171275/grokade-screenshots/Artillery_Defense_20250316_155849.png","https://res.cloudinary.com/dxow1rafl/image/upload/v1742171867/grokade-screenshots/Artillery_Defense_20250316_155848.png","https://res.cloudinary.com/dxow1rafl/image/upload/v1742171868/grokade-screenshots/Artillery_Defense_20250310_203253.png","https://res.cloudinary.com/dxow1rafl/image/upload/v1742171870/grokade-screenshots/Artillery_Defense_20250310_202449.png"
"7854fc02-d82c-4044-a52b-dd01380bfd7d","Rocklight","Rogue-like shooter","https://res.cloudinary.com/dxow1rafl/image/upload/v1742171271/grokade-screenshots/Rocklight_20250316_155838.png","https://zumashtm.manus.space/","a6c246ae-f84b-4c43-87b4-05db6b55afc3",2025-03-16T22:22:34.786Z,2025-03-17T19:43:00.267Z,"Platform,Shooter,Action","https://x.com/skifull579","https://res.cloudinary.com/dxow1rafl/image/upload/v1742171271/grokade-screenshots/Rocklight_20250316_155838.png","https://res.cloudinary.com/dxow1rafl/image/upload/v1742171859/grokade-screenshots/Rocklight_20250316_155912.png",,
"4a8a627b-d49e-478c-9a93-d08d4100837a","TideFall","Build alliances, claim vast lands, and hunt for loot in dangerous realms.","https://res.cloudinary.com/dxow1rafl/image/upload/v1742171276/grokade-screenshots/TideFall_20250310_202414.png","https://tidefall.io","a6c246ae-f84b-4c43-87b4-05db6b55afc3",2025-03-16T22:22:34.786Z,2025-03-16T22:22:34.786Z,"Exploration,Shooter,Strategy","https://x.com/dyoburon","https://res.cloudinary.com/dxow1rafl/image/upload/v1742171276/grokade-screenshots/TideFall_20250310_202414.png","https://res.cloudinary.com/dxow1rafl/image/upload/v1742171873/grokade-screenshots/TideFall_20250310_203243.png","https://res.cloudinary.com/dxow1rafl/image/upload/v1742171874/grokade-screenshots/TideFall_20250316_160109.png",
"2bc0e5cc-9d7e-438c-b1b3-c963b3c84aec","Space Cruise","3D Space Travel Web Game","https://res.cloudinary.com/dxow1rafl/image/upload/v1742171279/grokade-screenshots/Space_Cruise_20250316_155616.png","https://space-cruise.tech","a6c246ae-f84b-4c43-87b4-05db6b55afc3",2025-03-16T22:22:34.786Z,2025-03-16T22:22:34.786Z,"Action","https://x.com/Aditya_T007","https://res.cloudinary.com/dxow1rafl/image/upload/v1742171279/grokade-screenshots/Space_Cruise_20250316_155616.png","https://res.cloudinary.com/dxow1rafl/image/upload/v1742171877/grokade-screenshots/Space_Cruise_20250310_203319.png","https://res.cloudinary.com/dxow1rafl/image/upload/v1742171878/grokade-screenshots/Space_Cruise_20250316_155703.png","https://res.cloudinary.com/dxow1rafl/image/upload/v1742171879/grokade-screenshots/Space_Cruise_20250316_155936.png"
"59aee7d1-1d45-4386-a3e4-c164cc4de46d","Drone Simulator","Fly different environments with a drone, explore and complete missions","https://res.cloudinary.com/dxow1rafl/image/upload/v1742171280/grokade-screenshots/Drone_Simulator_20250316_155729.png","https://www.iamvg.space/drone-simulator/","a6c246ae-f84b-4c43-87b4-05db6b55afc3",2025-03-16T22:22:34.786Z,2025-03-16T22:22:34.786Z,"Simulation,Exploration,Racing","https://x.com/ged_ven","https://res.cloudinary.com/dxow1rafl/image/upload/v1742171280/grokade-screenshots/Drone_Simulator_20250316_155729.png","https://res.cloudinary.com/dxow1rafl/image/upload/v1742171885/grokade-screenshots/Drone_Simulator_20250316_160022.png","https://res.cloudinary.com/dxow1rafl/image/upload/v1742171887/grokade-screenshots/Drone_Simulator_20250316_155631.png","https://res.cloudinary.com/dxow1rafl/image/upload/v1742171888/grokade-screenshots/Drone_Simulator_20250316_155630.png"
"77261e65-6403-44cf-9f3f-2cc9f3d95f13","3D Tetris","A 3D version of the classic Tetris game where you clear entire platforms","https://res.cloudinary.com/dxow1rafl/image/upload/v1742171281/grokade-screenshots/3D_Tetris_20250316_155802.png","https://3d-tetris-platforms.lovable.app/","a6c246ae-f84b-4c43-87b4-05db6b55afc3",2025-03-16T22:22:34.786Z,2025-03-16T22:22:34.786Z,"Platform,Arcade","https://x.com/RealFredericVC","https://res.cloudinary.com/dxow1rafl/image/upload/v1742171281/grokade-screenshots/3D_Tetris_20250316_155802.png","https://res.cloudinary.com/dxow1rafl/image/upload/v1742171892/grokade-screenshots/3D_Tetris_20250316_155803.png","https://res.cloudinary.com/dxow1rafl/image/upload/v1742171893/grokade-screenshots/3D_Tetris_20250316_160106.png","https://res.cloudinary.com/dxow1rafl/image/upload/v1742171895/grokade-screenshots/3D_Tetris_20250310_203202.png"
"07b92061-6f7f-4355-8be5-7e215deba937","Elemental Combatant","Elemental CombaTanks is a battlefield brawler where you command a tank powered by the elements—fire, water, earth, and air. And more Mode are added.","https://res.cloudinary.com/dxow1rafl/image/upload/v1742171283/grokade-screenshots/Elemental_Combatant_20250316_155933.png","https://asalt.vercel.app","a6c246ae-f84b-4c43-87b4-05db6b55afc3",2025-03-16T22:22:34.786Z,2025-03-16T22:22:34.786Z,"Action,Fighting,Shooter","https://x.com/IsaacXVoxel","https://res.cloudinary.com/dxow1rafl/image/upload/v1742171283/grokade-screenshots/Elemental_Combatant_20250316_155933.png","https://res.cloudinary.com/dxow1rafl/image/upload/v1742171902/grokade-screenshots/Elemental_Combatant_20250310_203235.png","https://res.cloudinary.com/dxow1rafl/image/upload/v1742171905/grokade-screenshots/Elemental_Combatant_20250310_202452.png","https://res.cloudinary.com/dxow1rafl/image/upload/v1742171907/grokade-screenshots/Elemental_Combatant_20250316_155635.png"
"8b7021c3-73e4-46d9-b84f-b6291be61d3a","Society Fail","Can you survive the apocalypse? Society Fail is a post-apocalyptic incremental game where you must scavenge for resources, fight off mutants, and navigate a wor...","https://res.cloudinary.com/dxow1rafl/image/upload/v1742171286/grokade-screenshots/Society_Fail_20250310_202541.png","https://society.fail/","a6c246ae-f84b-4c43-87b4-05db6b55afc3",2025-03-16T22:22:34.786Z,2025-03-16T22:22:34.786Z,"Survival,Exploration,Strategy","https://x.com/Shpigford","https://res.cloudinary.com/dxow1rafl/image/upload/v1742171286/grokade-screenshots/Society_Fail_20250310_202541.png","https://res.cloudinary.com/dxow1rafl/image/upload/v1742171911/grokade-screenshots/Society_Fail_20250310_203214.png","https://res.cloudinary.com/dxow1rafl/image/upload/v1742171912/grokade-screenshots/Society_Fail_20250316_160020.png",
"084cfb0c-2623-48cf-b8d6-2d6d6c0baec1","Flappi Bird","A ThreeJS based Flappi Bird game built completely using Grok3, Claude 3.5, and Cursor.  Along with other AI tools for models, music, graphics, etc","https://res.cloudinary.com/dxow1rafl/image/upload/v1742171287/grokade-screenshots/Flappi_Bird_20250310_203328.png","https://flappi-bird.vercel.app/","a6c246ae-f84b-4c43-87b4-05db6b55afc3",2025-03-16T22:22:34.786Z,2025-03-16T22:22:34.786Z,"Arcade,Sports","https://x.com/joshuajohnsonAI","https://res.cloudinary.com/dxow1rafl/image/upload/v1742171287/grokade-screenshots/Flappi_Bird_20250310_203328.png","https://res.cloudinary.com/dxow1rafl/image/upload/v1742171916/grokade-screenshots/Flappi_Bird_20250310_202534.png",,
"95b4658f-3578-4409-be47-6ec79ff6204f","Fruit of the Boom","Collect as many fruit as you can.",,"https://isaacdozier.github.io/fruit-of-the-boom/","a6c246ae-f84b-4c43-87b4-05db6b55afc3",2025-03-16T22:22:34.786Z,2025-03-16T22:22:34.786Z,"Arcade,Sports","https://x.com/isaactdozier",,,,
"d801607f-418e-4330-8f75-d947467ce3aa","Island Adventure","Search for treasures and craft items on a island in singleplayer mode","https://res.cloudinary.com/dxow1rafl/image/upload/v120250316/grokade-screenshots/Island_20250316_154543.webp","https://ja.sperdeboer.nl/island/","a6c246ae-f84b-4c43-87b4-05db6b55afc3",2025-03-16T22:46:57.149Z,2025-03-16T22:46:57.149Z,"Exploration,Adventure,Survival","https://x.com/jasperdeboer","https://res.cloudinary.com/dxow1rafl/image/upload/v1742171223/grokade-screenshots/Island_Adventure_20250310_202510.png","https://res.cloudinary.com/dxow1rafl/image/upload/v1742171607/grokade-screenshots/Island_Adventure_20250310_203353.png","https://res.cloudinary.com/dxow1rafl/image/upload/v1742171608/grokade-screenshots/Island_Adventure_20250316_155750.png","https://res.cloudinary.com/dxow1rafl/image/upload/v1742171613/grokade-screenshots/Island_Adventure_20250316_155456.png"
"ba0fa9e9-9eba-403c-be52-2a136ecf3b7a","Suika Game","Fuit-merging game akin to tetris or puyo-puyo. built with cursor/claude","https://res.cloudinary.com/dxow1rafl/image/upload/v1742171289/grokade-screenshots/Suika_Game_20250316_155639.png","https://suika.live/","a6c246ae-f84b-4c43-87b4-05db6b55afc3",2025-03-16T22:22:34.786Z,2025-03-16T22:22:34.786Z,"Puzzle","https://x.com/andrwhcom","https://res.cloudinary.com/dxow1rafl/image/upload/v1742171289/grokade-screenshots/Suika_Game_20250316_155639.png","https://res.cloudinary.com/dxow1rafl/image/upload/v1742171926/grokade-screenshots/Suika_Game_20250310_203227.png","https://res.cloudinary.com/dxow1rafl/image/upload/v1742171928/grokade-screenshots/Suika_Game_20250310_202408.png",
"22845991-0fb6-4bdf-9725-0525b565699c","Snake Trae","Play classic snake","https://res.cloudinary.com/dxow1rafl/image/upload/v1742171290/grokade-screenshots/Snake_Trae_20250316_160017.png","https://trae.com/","a6c246ae-f84b-4c43-87b4-05db6b55afc3",2025-03-16T22:22:34.786Z,2025-03-16T22:22:34.786Z,"Arcade","https://x.com/traemikal","https://res.cloudinary.com/dxow1rafl/image/upload/v1742171290/grokade-screenshots/Snake_Trae_20250316_160017.png","https://res.cloudinary.com/dxow1rafl/image/upload/v1742171931/grokade-screenshots/Snake_Trae_20250316_160016.png","https://res.cloudinary.com/dxow1rafl/image/upload/v1742171932/grokade-screenshots/Snake_Trae_20250310_203401.png","https://res.cloudinary.com/dxow1rafl/image/upload/v1742171933/grokade-screenshots/Snake_Trae_20250310_202321.png"
"dfba9261-3270-4ba2-9110-5103eb8c03c9","Breaking Balls","Break balls and feel calm","https://res.cloudinary.com/dxow1rafl/image/upload/v1742171291/grokade-screenshots/Breaking_Balls_20250310_202532.png","https://makereal.tldraw.link/-wMNzXuU7igniDJ6oyhKW","a6c246ae-f84b-4c43-87b4-05db6b55afc3",2025-03-16T22:22:34.786Z,2025-03-16T22:22:34.786Z,"Sports","https://x.com/adityakabra","https://res.cloudinary.com/dxow1rafl/image/upload/v1742171291/grokade-screenshots/Breaking_Balls_20250310_202532.png","https://res.cloudinary.com/dxow1rafl/image/upload/v1742171936/grokade-screenshots/Breaking_Balls_20250316_155829.png","https://res.cloudinary.com/dxow1rafl/image/upload/v1742171937/grokade-screenshots/Breaking_Balls_20250310_203409.png","https://res.cloudinary.com/dxow1rafl/image/upload/v1742171938/grokade-screenshots/Breaking_Balls_20250316_155704.png"
"bcbbaf7b-bd8e-413d-b42b-e483d4dec771","Escape","A text-based escape room game","https://res.cloudinary.com/dxow1rafl/image/upload/v1742171293/grokade-screenshots/Escape_Prison_Cell_20250310_202308.png","https://escape.puzzlesunlocked.com/","a6c246ae-f84b-4c43-87b4-05db6b55afc3",2025-03-16T22:22:34.786Z,2025-03-16T22:22:34.786Z,"Puzzle","https://x.com/jamesckemp","https://res.cloudinary.com/dxow1rafl/image/upload/v1742171293/grokade-screenshots/Escape_Prison_Cell_20250310_202308.png","https://res.cloudinary.com/dxow1rafl/image/upload/v1742171940/grokade-screenshots/Escape_20250316_155856.png","https://res.cloudinary.com/dxow1rafl/image/upload/v1742171942/grokade-screenshots/Escape_Prison_Cell_20250316_154642.png","https://res.cloudinary.com/dxow1rafl/image/upload/v1742171944/grokade-screenshots/Escape_Prison_Cell_20250316_160225.png"
"ed450b52-5caa-492f-8790-d3c6b4f77fff","Ophidian","A short game that is basically Snake.","https://res.cloudinary.com/dxow1rafl/image/upload/v1742171295/grokade-screenshots/Ophidian_20250310_202429.png","https://ophidian-offekt.vercel.app/","a6c246ae-f84b-4c43-87b4-05db6b55afc3",2025-03-16T22:22:34.786Z,2025-03-16T22:22:34.786Z,"Strategy","https://x.com/drewvergara","https://res.cloudinary.com/dxow1rafl/image/upload/v1742171295/grokade-screenshots/Ophidian_20250310_202429.png","https://res.cloudinary.com/dxow1rafl/image/upload/v1742171953/grokade-screenshots/Ophidian_20250310_203259.png",,
"f0e24ffc-e714-4da0-8510-35cfbb521ffb","Type Battles","Sharpen your typing skills, build up combos for a higher score, earn trophies and conquer all 10 levels to face the final boss...","https://res.cloudinary.com/dxow1rafl/image/upload/v1742171297/grokade-screenshots/Type_Battles_20250310_202355.png","https://www.typebattles.com/","a6c246ae-f84b-4c43-87b4-05db6b55afc3",2025-03-16T22:22:34.786Z,2025-03-16T22:22:34.786Z,"Platform,Action,Arcade","https://x.com/edwinhayward","https://res.cloudinary.com/dxow1rafl/image/upload/v1742171297/grokade-screenshots/Type_Battles_20250310_202355.png","https://res.cloudinary.com/dxow1rafl/image/upload/v1742171955/grokade-screenshots/Type_Battles_20250310_203330.png","https://res.cloudinary.com/dxow1rafl/image/upload/v1742171956/grokade-screenshots/Type_Battles_20250316_155826.png","https://res.cloudinary.com/dxow1rafl/image/upload/v1742171958/grokade-screenshots/Type_Battles_20250316_155827.png"
"e0173448-5bdb-410d-a47b-0174bf726c8b","Vibe Tanks","TRON style tank game. Play with your friends or against them in this fast paced game.","https://res.cloudinary.com/dxow1rafl/image/upload/v120250316/grokade-screenshots/Vibe_Tanks_20250316_154634.png","https://vibes.darefail.com/","a6c246ae-f84b-4c43-87b4-05db6b55afc3",2025-03-16T22:46:57.149Z,2025-03-16T22:46:57.149Z,"Racing,Shooter","https://x.com/darefailed","https://res.cloudinary.com/dxow1rafl/image/upload/v1742171959/grokade-screenshots/Vibe_Tanks_20250316_160217.png","https://res.cloudinary.com/dxow1rafl/image/upload/v1742171960/grokade-screenshots/Vibe_Tanks_20250316_155530.png","https://res.cloudinary.com/dxow1rafl/image/upload/v1742171962/grokade-screenshots/Vibe_Tanks_20250316_154634.png","https://res.cloudinary.com/dxow1rafl/image/upload/v1742171963/grokade-screenshots/Vibe_Tanks_20250310_202605.png"
"8ad6e622-f36f-42e3-aac7-92aa7d3a8288","Tanks AI","Experience the thrill of tank battles in this exciting game!","https://res.cloudinary.com/dxow1rafl/image/upload/v1742171298/grokade-screenshots/Tanks_AI_20250316_155956.png","https://tanksai.com/","a6c246ae-f84b-4c43-87b4-05db6b55afc3",2025-03-16T22:22:34.786Z,2025-03-16T22:22:34.786Z,"Action,Fighting","https://x.com/d4m1n","https://res.cloudinary.com/dxow1rafl/image/upload/v1742171298/grokade-screenshots/Tanks_AI_20250316_155956.png","https://res.cloudinary.com/dxow1rafl/image/upload/v1742171968/grokade-screenshots/Tanks_AI_20250310_203344.png","https://res.cloudinary.com/dxow1rafl/image/upload/v1742171970/grokade-screenshots/Tanks_AI_20250310_202322.png",
"788597c7-0923-4688-a425-6e694b0007d2","Mars Landing Simulator","Prepare for the ultimate Mars landing experience!","https://res.cloudinary.com/dxow1rafl/image/upload/v1742171300/grokade-screenshots/Mars_Landing_Simulator_20250310_202521.png","https://marslanding.vercel.app/","a6c246ae-f84b-4c43-87b4-05db6b55afc3",2025-03-16T22:22:34.786Z,2025-03-16T22:22:34.786Z,"Exploration,Simulation,Racing","https://x.com/hi_itsbey","https://res.cloudinary.com/dxow1rafl/image/upload/v1742171300/grokade-screenshots/Mars_Landing_Simulator_20250310_202521.png","https://res.cloudinary.com/dxow1rafl/image/upload/v1742171973/grokade-screenshots/Mars_Landing_Simulator_20250316_155831.png","https://res.cloudinary.com/dxow1rafl/image/upload/v1742171974/grokade-screenshots/Mars_Landing_Simulator_20250316_155941.png","https://res.cloudinary.com/dxow1rafl/image/upload/v1742171975/grokade-screenshots/Mars_Landing_Simulator_20250310_203240.png"
"8759da60-d5ce-42b4-b0aa-fafdbd345aa2","Macro Data Refinement","A web application that simulates the macro data refinement work from the TV show Severance","https://res.cloudinary.com/dxow1rafl/image/upload/v1742171301/grokade-screenshots/Macro_Data_Refinement_20250310_203315.png","https://macro-data-refinement-five.vercel.app/","a6c246ae-f84b-4c43-87b4-05db6b55afc3",2025-03-16T22:22:34.786Z,2025-03-16T22:22:34.786Z,"Simulation","https://x.com/mitchposts","https://res.cloudinary.com/dxow1rafl/image/upload/v1742171301/grokade-screenshots/Macro_Data_Refinement_20250310_203315.png","https://res.cloudinary.com/dxow1rafl/image/upload/v1742171978/grokade-screenshots/Macro_Data_Refinement_20250316_155858.png","https://res.cloudinary.com/dxow1rafl/image/upload/v1742171979/grokade-screenshots/Macro_Data_Refinement_20250310_202508.png","https://res.cloudinary.com/dxow1rafl/image/upload/v1742171980/grokade-screenshots/Macro_Data_Refinement_20250316_155830.png"
"25754fe0-22d6-4e01-b552-add4be72ae48","Tic-Tac Cricket","Unique and fun online game that combines Tic-Tac-Toe with the excitement of cricket!",,"https://tictaccricket.netlify.app/","a6c246ae-f84b-4c43-87b4-05db6b55afc3",2025-03-16T22:22:34.786Z,2025-03-16T22:22:34.786Z,"Sports,Arcade,Fighting","https://x.com/byteonwire",,,,
"af707792-b791-4803-9d5d-dd83bf7fcc87","Archer wars","1 vs 1 archer war","https://res.cloudinary.com/dxow1rafl/image/upload/v1742171302/grokade-screenshots/Archer_wars_20250316_155720.png","https://www.archerwars.xyz/","a6c246ae-f84b-4c43-87b4-05db6b55afc3",2025-03-16T22:22:34.786Z,2025-03-16T22:22:34.786Z,"Shooter,Platform,Action","https://x.com/finvisual",,,,
"f67f4c00-47fa-4ee3-a7bd-8a1bacd6f95e","Push the Box","In this reimagined Sokoban game, you embark on a journey of logic and space. As you gently guide the character to push the boxes towards their destinations, you...","https://res.cloudinary.com/dxow1rafl/image/upload/v1742171305/grokade-screenshots/Push_the_Box_20250310_203156.png","https://boxgame2000.netlify.app/","a6c246ae-f84b-4c43-87b4-05db6b55afc3",2025-03-16T22:22:34.786Z,2025-03-16T22:22:34.786Z,"Platform,Adventure,Puzzle","https://x.com/xiaochi2","https://res.cloudinary.com/dxow1rafl/image/upload/v1742171305/grokade-screenshots/Push_the_Box_20250310_203156.png","https://res.cloudinary.com/dxow1rafl/image/upload/v1742171986/grokade-screenshots/Push_the_Box_20250316_155959.png","https://res.cloudinary.com/dxow1rafl/image/upload/v1742171988/grokade-screenshots/Push_the_Box_20250310_202331.png",
"8cfc30a0-f692-4e4e-bdca-ad4c2c372cd1","Necropolis: Rise of the Undead","High paced and exciting vibe coded zombie first person shooter game",,"https://shanelarson.com/games/necropolis","a6c246ae-f84b-4c43-87b4-05db6b55afc3",2025-03-16T22:22:34.786Z,2025-03-16T22:22:34.786Z,"Shooter,Action,Arcade","https://x.com/PeakGrizzly",,,,
"d5663aac-ae60-473b-b36d-d00b4504dcc2","Jet Ski Simulation","Bring in the holiday vibes with this game. Play with your friends or against them in this fast paced game.","https://res.cloudinary.com/dxow1rafl/image/upload/v1742171308/grokade-screenshots/Jet_Ski_Simulation_20250310_203311.png","https://jetski.cemilsevim.com/","a6c246ae-f84b-4c43-87b4-05db6b55afc3",2025-03-16T22:46:57.149Z,2025-03-16T22:46:57.149Z,"Simulation,Racing,Platform","https://x.com/cemilsvm","https://res.cloudinary.com/dxow1rafl/image/upload/v1742171308/grokade-screenshots/Jet_Ski_Simulation_20250310_203311.png","https://res.cloudinary.com/dxow1rafl/image/upload/v1742171652/grokade-screenshots/Jet_Ski_Simulation_20250310_202357.png","https://res.cloudinary.com/dxow1rafl/image/upload/v1742171655/grokade-screenshots/Jet_Ski_Simulation_20250316_155916.png","https://res.cloudinary.com/dxow1rafl/image/upload/v1742171659/grokade-screenshots/Jet_Ski_Simulation_20250316_155957.png"
"c10111fb-d178-4643-b837-7ef19bef8f41","Forest Escape","Escape from spirits in a haunted forest before they catch you!","https://res.cloudinary.com/dxow1rafl/image/upload/v1742171309/grokade-screenshots/Forest_Escape_20250310_203148.png","https://www.escape.alexandre-grisey.fr/","a6c246ae-f84b-4c43-87b4-05db6b55afc3",2025-03-16T22:22:34.786Z,2025-03-16T22:22:34.786Z,"Action","https://x.com/nomalex_","https://res.cloudinary.com/dxow1rafl/image/upload/v1742171309/grokade-screenshots/Forest_Escape_20250310_203148.png","https://res.cloudinary.com/dxow1rafl/image/upload/v1742172004/grokade-screenshots/Forest_Escape_20250310_202359.png",,
"59b2393e-ebab-4d7e-b9c3-b2aaa0bd8513","Matrix Cube","Matrix Cube Memory is a challenging 3D memory game inspired by the digital world of The Matrix. Test your memory skills by remembering and repeating increasingl...","https://res.cloudinary.com/dxow1rafl/image/upload/v1742171310/grokade-screenshots/Matrix_Cube_20250316_160114.png","https://matrixcube.netlify.app","a6c246ae-f84b-4c43-87b4-05db6b55afc3",2025-03-16T22:22:34.786Z,2025-03-16T22:22:34.786Z,"Educational","https://x.com/Akkorothone",,,,
"dca78d28-45b4-44ea-9bc7-80baf7008641","Space Defenders","One shot a Space Invaders game like built with Sonnet 3.7","https://res.cloudinary.com/dxow1rafl/image/upload/v1742171312/grokade-screenshots/Space_Defenders_20250316_155911.png","https://jasonleow.com/space-defenders/","a6c246ae-f84b-4c43-87b4-05db6b55afc3",2025-03-16T22:22:34.786Z,2025-03-16T22:22:34.786Z,"Arcade,Sports,Action","https://x.com/jasonleowsg","https://res.cloudinary.com/dxow1rafl/image/upload/v1742171312/grokade-screenshots/Space_Defenders_20250316_155911.png","https://res.cloudinary.com/dxow1rafl/image/upload/v1742172007/grokade-screenshots/Space_Defenders_20250310_202420.png","https://res.cloudinary.com/dxow1rafl/image/upload/v1742172009/grokade-screenshots/Space_Defenders_20250310_203352.png",
"07d6775c-e242-4597-a44e-e22437a49459","Flappy Bird 3D","Flappy Bird reimagined as a 3D third person game","https://res.cloudinary.com/dxow1rafl/image/upload/v1742171313/grokade-screenshots/Flappy_Bird_3D_20250316_155954.png","https://flappybird.purav.co","a6c246ae-f84b-4c43-87b4-05db6b55afc3",2025-03-16T22:22:34.786Z,2025-03-16T22:22:34.786Z,"Platform","https://x.com/notpurav","https://res.cloudinary.com/dxow1rafl/image/upload/v1742171313/grokade-screenshots/Flappy_Bird_3D_20250316_155954.png","https://res.cloudinary.com/dxow1rafl/image/upload/v1742172011/grokade-screenshots/Flappy_Bird_3D_20250316_155955.png",,
"16d4082f-5b2f-4528-bc21-c105e46abbdf","Ad simulator","Capture the flag on a world full of ads","https://res.cloudinary.com/dxow1rafl/image/upload/v1742171314/grokade-screenshots/Ad_simulator_20250310_203402.png","https://ad-simulator.com/","a6c246ae-f84b-4c43-87b4-05db6b55afc3",2025-03-16T22:22:34.786Z,2025-03-16T22:22:34.786Z,"Simulation,Sports,Action","https://x.com/iagolast","https://res.cloudinary.com/dxow1rafl/image/upload/v1742171314/grokade-screenshots/Ad_simulator_20250310_203402.png","https://res.cloudinary.com/dxow1rafl/image/upload/v1742172014/grokade-screenshots/Ad_simulator_20250310_202432.png","https://res.cloudinary.com/dxow1rafl/image/upload/v1742172016/grokade-screenshots/Ad_simulator_20250316_155719.png","https://res.cloudinary.com/dxow1rafl/image/upload/v1742172017/grokade-screenshots/Ad_simulator_20250316_155500.png"
"9748c31e-640b-4263-b719-da3a8f08736e","Be a fish","Be a fish, eat other fish, become a bigger fish. Dive in and dominate the ocean!","https://res.cloudinary.com/dxow1rafl/image/upload/v1742171316/grokade-screenshots/Be_a_fish_20250310_203323.png","https://www.be-a-fish.com/","a6c246ae-f84b-4c43-87b4-05db6b55afc3",2025-03-16T22:22:34.786Z,2025-03-16T22:22:34.786Z,"Other","https://x.com/athcanft","https://res.cloudinary.com/dxow1rafl/image/upload/v1742171316/grokade-screenshots/Be_a_fish_20250310_203323.png","https://res.cloudinary.com/dxow1rafl/image/upload/v1742172023/grokade-screenshots/Be_a_fish_20250310_202455.png","https://res.cloudinary.com/dxow1rafl/image/upload/v1742172026/grokade-screenshots/Be_a_fish_20250316_155618.png","https://res.cloudinary.com/dxow1rafl/image/upload/v1742172029/grokade-screenshots/Be_a_fish_20250316_155527.png"
"b4d24777-f913-46b7-983d-88490a68e2c0","Aetherialdream","A beautiful and intuitive dream journal that helps you record, explore, and understand your dreams.","https://res.cloudinary.com/dxow1rafl/image/upload/v1742171318/grokade-screenshots/Aetherialdream_20250310_202442.png","https://www.aetherialdream.com/","a6c246ae-f84b-4c43-87b4-05db6b55afc3",2025-03-16T22:22:34.786Z,2025-03-16T22:22:34.786Z,"Adventure,Platform,Exploration","https://x.com/Kaberikram","https://res.cloudinary.com/dxow1rafl/image/upload/v1742171318/grokade-screenshots/Aetherialdream_20250310_202442.png","https://res.cloudinary.com/dxow1rafl/image/upload/v1742172033/grokade-screenshots/Aetherialdream_20250310_203225.png",,
"4626e481-051b-4832-ba44-be606da797c6","Earth Simulation","Full earth simulation with climate, tectonic activity, evolution and civilization to factions, then burn it down with disaster scenarios. also includes earth te...","https://res.cloudinary.com/dxow1rafl/image/upload/v1742171235/grokade-screenshots/Earth_Simulation_20250316_155504.png","https://o3-experiments-nextjs.fly.dev/earth","a6c246ae-f84b-4c43-87b4-05db6b55afc3",2025-03-16T22:22:34.786Z,2025-03-16T22:22:34.786Z,"Simulation,Action","https://x.com/rfitzpatrick_io","https://res.cloudinary.com/dxow1rafl/image/upload/v1742171235/grokade-screenshots/Earth_Simulation_20250316_155504.png","https://res.cloudinary.com/dxow1rafl/image/upload/v1742171650/grokade-screenshots/Earth_Simulation_20250310_202512.png","https://res.cloudinary.com/dxow1rafl/image/upload/v1742171654/grokade-screenshots/Earth_Simulation_20250310_203237.png","https://res.cloudinary.com/dxow1rafl/image/upload/v1742171658/grokade-screenshots/Earth_Simulation_20250316_155809.png"
"8f9010c4-d77b-4887-9cc3-0c9b7010c569","Falling Bubbles","Pop falling bubbles in a vibrant, fast-paced test of reflexes!","https://res.cloudinary.com/dxow1rafl/image/upload/v1742171322/grokade-screenshots/Falling_Bubbles_20250310_203356.png","https://falling-bubbles.vercel.app/","a6c246ae-f84b-4c43-87b4-05db6b55afc3",2025-03-16T22:22:34.786Z,2025-03-16T22:22:34.786Z,"Shooter,Arcade,Sports","https://x.com/sagarsaija","https://res.cloudinary.com/dxow1rafl/image/upload/v1742171322/grokade-screenshots/Falling_Bubbles_20250310_203356.png","https://res.cloudinary.com/dxow1rafl/image/upload/v1742172047/grokade-screenshots/Falling_Bubbles_20250310_202329.png","https://res.cloudinary.com/dxow1rafl/image/upload/v1742172048/grokade-screenshots/Falling_Bubbles_20250316_155507.png","https://res.cloudinary.com/dxow1rafl/image/upload/v1742172050/grokade-screenshots/Falling_Bubbles_20250316_160024.png"
"6cb521f3-5336-4f75-8bbb-9b67d8b7ba3f","Tank","Tank is a multiplayer tank game. Play with your friends or against them in this fast paced game.","https://res.cloudinary.com/dxow1rafl/image/upload/v120250316/grokade-screenshots/Tank_20250316_154542.webp","https://tank.cemilsevim.com/","a6c246ae-f84b-4c43-87b4-05db6b55afc3",2025-03-16T22:46:57.149Z,2025-03-16T22:46:57.149Z,"Action,Fighting,Shooter","https://x.com/cemilsvm","https://res.cloudinary.com/dxow1rafl/image/upload/v1742171298/grokade-screenshots/Tanks_AI_20250316_155956.png","https://res.cloudinary.com/dxow1rafl/image/upload/v1742172061/grokade-screenshots/Tank_20250316_154633.png","https://res.cloudinary.com/dxow1rafl/image/upload/v1742171539/grokade-screenshots/TankNarok_20250316_154646.png","https://res.cloudinary.com/dxow1rafl/image/upload/v1742172064/grokade-screenshots/Tank_20250310_200527.jpg"
"83afb8c5-9e23-4fa8-9168-83decbd7978d","Fly Hi","Realistic flight simulator with a focus on realism and physics. Fly Hi is a game that allows you to experience the thrill of flying in a realistic way.","https://res.cloudinary.com/dxow1rafl/image/upload/v120250316/grokade-screenshots/Fly_Hi_20250316_154625.png","https://flyhi.netlify.app/","a6c246ae-f84b-4c43-87b4-05db6b55afc3",2025-03-16T22:46:57.149Z,2025-03-16T22:46:57.149Z,"Simulation","https://x.com/donvito","https://res.cloudinary.com/dxow1rafl/image/upload/v1742172087/grokade-screenshots/Fly_Hi_20250310_202253.png","https://res.cloudinary.com/dxow1rafl/image/upload/v1742172097/grokade-screenshots/Fly_Hi_20250316_160210.png","https://res.cloudinary.com/dxow1rafl/image/upload/v1742172106/grokade-screenshots/Fly_Hi_20250316_154625.png","https://res.cloudinary.com/dxow1rafl/image/upload/v1742172110/grokade-screenshots/Fly_Hi_20250310_202559.png"
"d2bc2c08-c7b5-47b7-b45b-fa3b5b2e8f36","GTAi","A GTA-inspired game. Drive/walk around and explore the city in singleplayer mode","https://res.cloudinary.com/dxow1rafl/image/upload/v120250316/grokade-screenshots/GTAi_20250316_154544.webp","https://gtai.wherenomadsgo.com/","a6c246ae-f84b-4c43-87b4-05db6b55afc3",2025-03-16T22:46:57.149Z,2025-03-16T22:46:57.149Z,"Racing,Shooter,Action","https://x.com/fabianbuilds","https://res.cloudinary.com/dxow1rafl/image/upload/v1742172112/grokade-screenshots/GTAi_20250310_202551.jpg","https://res.cloudinary.com/dxow1rafl/image/upload/v1742172113/grokade-screenshots/GTAi_20250316_154544.jpg","https://res.cloudinary.com/dxow1rafl/image/upload/v1742172114/grokade-screenshots/GTAi_20250316_160129.jpg","https://res.cloudinary.com/dxow1rafl/image/upload/v1742172115/grokade-screenshots/GTAi_20250310_201622.jpg"
"9b149ef6-7d84-4edc-8283-8b5522ce3518","V1be city","Shoot enemies in a city in singleplayer mode","https://res.cloudinary.com/dxow1rafl/image/upload/v120250316/grokade-screenshots/V1be_city_20250316_154545.webp","https://vibescity.manta.so/","a6c246ae-f84b-4c43-87b4-05db6b55afc3",2025-03-16T22:46:57.149Z,2025-03-16T22:46:57.149Z,"Action,Shooter","https://x.com/gabriel__xyz","https://res.cloudinary.com/dxow1rafl/image/upload/v1742172118/grokade-screenshots/V1be_city_20250316_154545.jpg","https://res.cloudinary.com/dxow1rafl/image/upload/v1742172119/grokade-screenshots/V1be_city_20250310_200530.jpg","https://res.cloudinary.com/dxow1rafl/image/upload/v1742172120/grokade-screenshots/V1be_city_20250310_200907.jpg","https://res.cloudinary.com/dxow1rafl/image/upload/v1742172122/grokade-screenshots/V1be_city_20250310_201623.jpg"
"4b3fa1ed-a7fa-4185-9f03-519c76913aca","FlyVibe","Flappy Bird like game but with paper plane and different modes","https://res.cloudinary.com/dxow1rafl/image/upload/v120250316/grokade-screenshots/FlyVibe_20250316_154548.webp","https://farez.github.io/flyvibe/","a6c246ae-f84b-4c43-87b4-05db6b55afc3",2025-03-16T22:46:57.149Z,2025-03-16T22:46:57.149Z,"Strategy","https://x.com/farez","https://res.cloudinary.com/dxow1rafl/image/upload/v1742172147/grokade-screenshots/FlyVibe_20250316_160132.jpg","https://res.cloudinary.com/dxow1rafl/image/upload/v1742172147/grokade-screenshots/FlyVibe_20250316_154548.jpg",,
"0dd8000b-48c2-4f63-addc-f4e908dd939e","Samurai Battle","Samurai Battle",,"https://vibegames.cc/browse/samurai-battle","a6c246ae-f84b-4c43-87b4-05db6b55afc3",2025-03-16T22:46:57.149Z,2025-03-16T22:46:57.149Z,"Action,Fighting,Simulation",,,,,
"bbbf2d80-4dba-4faf-a777-09cb88159bc1","Fly Pieter","A fun free-to-play MMO flight sim, 100% made with Al, without loading screens and GBs of updates every time you wanna play. OG","https://res.cloudinary.com/dxow1rafl/image/upload/v120250316/grokade-screenshots/Fly_Pieter_20250316_154622.png","https://fly.pieter.com/","a6c246ae-f84b-4c43-87b4-05db6b55afc3",2025-03-16T22:46:57.149Z,2025-03-17T19:42:23.682Z,"Simulation","https://x.com/levelsio","https://res.cloudinary.com/dxow1rafl/image/upload/v1742172053/grokade-screenshots/Fly_Pieter_20250310_202250.png","https://res.cloudinary.com/dxow1rafl/image/upload/v1742172054/grokade-screenshots/Fly_Pieter_20250316_160206.png","https://res.cloudinary.com/dxow1rafl/image/upload/v1742172056/grokade-screenshots/Fly_Pieter_20250310_202556.png","https://res.cloudinary.com/dxow1rafl/image/upload/v1742172058/grokade-screenshots/Fly_Pieter_20250316_154622.png"
"46250f21-9a73-4146-88f4-513a1c5f99d9","Tank Battle","Tank Battle","https://res.cloudinary.com/dxow1rafl/image/upload/v1742171323/grokade-screenshots/Enhanced_Tank_Battle_Game_20250316_155746.png","https://vibegames.cc/browse/tank-battle","a6c246ae-f84b-4c43-87b4-05db6b55afc3",2025-03-16T22:46:57.149Z,2025-03-16T22:46:57.149Z,"Action,Fighting,Simulation",,"https://res.cloudinary.com/dxow1rafl/image/upload/v1742171323/grokade-screenshots/Enhanced_Tank_Battle_Game_20250316_155746.png","https://res.cloudinary.com/dxow1rafl/image/upload/v1742172150/grokade-screenshots/Enhanced_Tank_Battle_Game_20250310_203406.png","https://res.cloudinary.com/dxow1rafl/image/upload/v1742172152/grokade-screenshots/Enhanced_Tank_Battle_Game_20250310_202342.png","https://res.cloudinary.com/dxow1rafl/image/upload/v1742172153/grokade-screenshots/Enhanced_Tank_Battle_Game_20250316_155920.png"
"18b64c24-3028-4d04-98e5-c4382f0c8cd0","Summer Afternoon","Beautiful chill exploration game with Ghibli nostalgia. Procedurally generated environment with chill music. Human made.","https://res.cloudinary.com/dxow1rafl/image/upload/v120250316/grokade-screenshots/Summer_Afternoon_20250316_154624.png","https://vlucendo.com/play/summer-afternoon","a6c246ae-f84b-4c43-87b4-05db6b55afc3",2025-03-16T22:46:57.149Z,2025-03-16T22:46:57.149Z,"Exploration","https://x.com/vlucendo","https://res.cloudinary.com/dxow1rafl/image/upload/v1742172155/grokade-screenshots/Summer_Afternoon_20250310_202557.png","https://res.cloudinary.com/dxow1rafl/image/upload/v1742172157/grokade-screenshots/Summer_Afternoon_20250310_202251.png","https://res.cloudinary.com/dxow1rafl/image/upload/v1742172159/grokade-screenshots/Summer_Afternoon_20250316_154624.png","https://res.cloudinary.com/dxow1rafl/image/upload/v1742172161/grokade-screenshots/Summer_Afternoon_20250316_160208.png"
"4bebe6a9-db56-453e-a85d-0400cb5a08f5","Slow Roads","Drive around the Scottish countryside in this beautifully made game. Human Made.","https://res.cloudinary.com/dxow1rafl/image/upload/v120250316/grokade-screenshots/Slow_Roads_20250316_154624.png","https://slowroads.io/","a6c246ae-f84b-4c43-87b4-05db6b55afc3",2025-03-16T22:46:57.149Z,2025-03-16T22:46:57.149Z,"Racing","https://x.com/anslogen","https://res.cloudinary.com/dxow1rafl/image/upload/v1742172163/grokade-screenshots/Slow_Roads_20250310_202558.png","https://res.cloudinary.com/dxow1rafl/image/upload/v1742172165/grokade-screenshots/Slow_Roads_20250316_154624.png","https://res.cloudinary.com/dxow1rafl/image/upload/v1742172167/grokade-screenshots/Slow_Roads_20250316_160209.png","https://res.cloudinary.com/dxow1rafl/image/upload/v1742172170/grokade-screenshots/Slow_Roads_20250310_202252.png"
"8074fbb7-fe43-4c9b-aa2b-839438670652","Cowboy","Gallop through a wild west street and shoot at things!","https://res.cloudinary.com/dxow1rafl/image/upload/v120250316/grokade-screenshots/Cowboy_20250316_154626.png","https://pseudokid.itch.io/cowboys","a6c246ae-f84b-4c43-87b4-05db6b55afc3",2025-03-16T22:46:57.149Z,2025-03-16T22:46:57.149Z,"Action,Shooter","https://x.com/pseudokid","https://res.cloudinary.com/dxow1rafl/image/upload/v1742171713/grokade-screenshots/Cowboy_Shooter_20250316_155637.png","https://res.cloudinary.com/dxow1rafl/image/upload/v1742171715/grokade-screenshots/Cowboy_Shooter_20250316_160104.png","https://res.cloudinary.com/dxow1rafl/image/upload/v1742171716/grokade-screenshots/cowboy_shooter_20250310_200904.jpg","https://res.cloudinary.com/dxow1rafl/image/upload/v1742171717/grokade-screenshots/cowboy_shooter_20250316_154541.jpg"
"61f434ad-2388-45de-b373-b561be63590b","Robotic Surge Shooter","Arcade style space shooter with a focus on fast-paced gameplay and smooth controls.","https://res.cloudinary.com/dxow1rafl/image/upload/v120250316/grokade-screenshots/Robotic_Surge_Shooter_20250316_154627.png","https://roboticsurge.itch.io/shooter","a6c246ae-f84b-4c43-87b4-05db6b55afc3",2025-03-16T22:46:57.149Z,2025-03-16T22:46:57.149Z,"Action,Shooter,Arcade","https://x.com/jagger_sa","https://res.cloudinary.com/dxow1rafl/image/upload/v1742172188/grokade-screenshots/Robotic_Surge_Shooter_20250316_160211.png","https://res.cloudinary.com/dxow1rafl/image/upload/v1742172189/grokade-screenshots/Robotic_Surge_Shooter_20250310_202254.png","https://res.cloudinary.com/dxow1rafl/image/upload/v1742172190/grokade-screenshots/Robotic_Surge_Shooter_20250316_154627.png","https://res.cloudinary.com/dxow1rafl/image/upload/v1742172192/grokade-screenshots/Robotic_Surge_Shooter_20250310_202600.png"
"3e78f568-8737-4c77-a46b-e326470acb70","XForce","Space shooter with a fast paced gameplay and a focus on skill and precision.","https://res.cloudinary.com/dxow1rafl/image/upload/v120250316/grokade-screenshots/XForce_20250316_154629.png","https://xforcegame.com/","a6c246ae-f84b-4c43-87b4-05db6b55afc3",2025-03-16T22:46:57.149Z,2025-03-16T22:46:57.149Z,"Action,Educational,Racing","https://x.com/Daniel_Farinax","https://res.cloudinary.com/dxow1rafl/image/upload/v1742172194/grokade-screenshots/XForce_20250316_160212.png","https://res.cloudinary.com/dxow1rafl/image/upload/v1742172197/grokade-screenshots/XForce_20250316_154629.png","https://res.cloudinary.com/dxow1rafl/image/upload/v1742172200/grokade-screenshots/XForce_20250310_202255.png","https://res.cloudinary.com/dxow1rafl/image/upload/v1742172202/grokade-screenshots/XForce_20250310_202601.png"
"24d8d342-b1d7-40ee-8ad4-6c5636c04661","Stick Cricket","Hardest game of cricket you'll ever play.","https://res.cloudinary.com/dxow1rafl/image/upload/v120250316/grokade-screenshots/Stick_Cricket_20250316_154630.png","https://stick-cricket.vercel.app/","a6c246ae-f84b-4c43-87b4-05db6b55afc3",2025-03-16T22:46:57.149Z,2025-03-16T22:46:57.149Z,"Fighting","https://x.com/saikatkrdey","https://res.cloudinary.com/dxow1rafl/image/upload/v1742172204/grokade-screenshots/Stick_Cricket_20250310_202256.png","https://res.cloudinary.com/dxow1rafl/image/upload/v1742172207/grokade-screenshots/Stick_Cricket_20250316_160213.png","https://res.cloudinary.com/dxow1rafl/image/upload/v1742172209/grokade-screenshots/Stick_Cricket_20250316_154630.png","https://res.cloudinary.com/dxow1rafl/image/upload/v1742172211/grokade-screenshots/Stick_Cricket_20250310_202602.png"
"a3235777-29c9-418d-8b3d-bec551b9e174","Open Road","Drive or Fly around the world in this open world game. Choose your own mode of travel.","https://res.cloudinary.com/dxow1rafl/image/upload/v120250316/grokade-screenshots/Open_Road_20250316_154631.png","https://openroad-game.vercel.app/","a6c246ae-f84b-4c43-87b4-05db6b55afc3",2025-03-16T22:46:57.149Z,2025-03-16T22:46:57.149Z,"Exploration,Racing","https://x.com/aaronbesson","https://res.cloudinary.com/dxow1rafl/image/upload/v1742172213/grokade-screenshots/Open_Road_20250316_154631.png","https://res.cloudinary.com/dxow1rafl/image/upload/v1742172214/grokade-screenshots/Open_Road_20250310_202603.png","https://res.cloudinary.com/dxow1rafl/image/upload/v1742172216/grokade-screenshots/Open_Road_20250310_202257.png","https://res.cloudinary.com/dxow1rafl/image/upload/v1742172217/grokade-screenshots/Open_Road_20250316_160214.png"
"2bfa4820-05e8-429d-91db-fd43914f98f9","Swim Around","Swim around the world in this open underwater world game","https://res.cloudinary.com/dxow1rafl/image/upload/v120250316/grokade-screenshots/Swim_Around_20250316_154631.png","https://swimaround.io/","a6c246ae-f84b-4c43-87b4-05db6b55afc3",2025-03-16T22:46:57.149Z,2025-03-16T22:46:57.149Z,"Action","https://x.com/RyanEndacott","https://res.cloudinary.com/dxow1rafl/image/upload/v1742172219/grokade-screenshots/Swim_Around_20250310_202258.png","https://res.cloudinary.com/dxow1rafl/image/upload/v1742172221/grokade-screenshots/Swim_Around_20250316_154631.png","https://res.cloudinary.com/dxow1rafl/image/upload/v1742172222/grokade-screenshots/Swim_Around_20250310_202603.png","https://res.cloudinary.com/dxow1rafl/image/upload/v1742172224/grokade-screenshots/Swim_Around_20250316_160215.png"
"c60de4b9-bb22-4b66-ba31-8a6754f8a876","Space Balls","Fast paced game of command and destruction. Command an army of units and destroy smaller units to grow your army.","https://res.cloudinary.com/dxow1rafl/image/upload/v120250316/grokade-screenshots/Space_Balls_20250316_154632.png","https://spaceballs.io/","a6c246ae-f84b-4c43-87b4-05db6b55afc3",2025-03-16T22:46:57.149Z,2025-03-16T22:46:57.149Z,"Strategy,Racing,Sports","https://x.com/IndieJayCodes","https://res.cloudinary.com/dxow1rafl/image/upload/v1742172225/grokade-screenshots/Space_Balls_20250316_160216.png","https://res.cloudinary.com/dxow1rafl/image/upload/v1742172226/grokade-screenshots/Space_Balls_20250316_154632.png","https://res.cloudinary.com/dxow1rafl/image/upload/v1742172228/grokade-screenshots/Space_Balls_20250310_202604.png","https://res.cloudinary.com/dxow1rafl/image/upload/v1742172229/grokade-screenshots/Space_Balls_20250310_202258.png"
"86c45ba5-ab0f-452b-b1e8-877a898bec14","Pixel2DFight","Fast paced arcade shooter. Shoot the squares and grow your score.","https://res.cloudinary.com/dxow1rafl/image/upload/v120250316/grokade-screenshots/Pixel2DFight_20250316_154638.png","https://pixel2dfight.vercel.app/","a6c246ae-f84b-4c43-87b4-05db6b55afc3",2025-03-16T22:46:57.149Z,2025-03-16T22:46:57.149Z,"Action,Arcade,Shooter","https://x.com/bladeemaxxi","https://res.cloudinary.com/dxow1rafl/image/upload/v1742172231/grokade-screenshots/Pixel2DFight_20250316_154638.png","https://res.cloudinary.com/dxow1rafl/image/upload/v1742172232/grokade-screenshots/Pixel2DFight_20250310_202609.png","https://res.cloudinary.com/dxow1rafl/image/upload/v1742172234/grokade-screenshots/Pixel2DFight_20250310_202304.png","https://res.cloudinary.com/dxow1rafl/image/upload/v1742172236/grokade-screenshots/Pixel2DFight_20250316_160221.png"
"8d3ebac9-6a26-4269-96c4-d6da0514d5b1","ShellShock Showdown","Tank shooter FPS, driver around and unleash mayhem!","https://res.cloudinary.com/dxow1rafl/image/upload/v120250316/grokade-screenshots/ShellShock_Showdown_20250316_154639.png","https://shellshockshowdown.itch.io/game","a6c246ae-f84b-4c43-87b4-05db6b55afc3",2025-03-16T22:46:57.149Z,2025-03-16T22:46:57.149Z,"Shooter,Action,Racing","https://x.com/what_the_func","https://res.cloudinary.com/dxow1rafl/image/upload/v1742172242/grokade-screenshots/ShellShock_Showdown_20250310_202610.png","https://res.cloudinary.com/dxow1rafl/image/upload/v1742172250/grokade-screenshots/ShellShock_Showdown_20250316_160222.png","https://res.cloudinary.com/dxow1rafl/image/upload/v1742172253/grokade-screenshots/ShellShock_Showdown_20250310_202305.png","https://res.cloudinary.com/dxow1rafl/image/upload/v1742172256/grokade-screenshots/ShellShock_Showdown_20250316_154639.png"
"bfbf5cd7-c44b-4054-a1a8-71455c04f29d","Surviber FPS","Endless Horde Survival Shooter. It's more difficult than it looks","https://res.cloudinary.com/dxow1rafl/image/upload/v120250316/grokade-screenshots/Surviber_FPS_20250316_154640.png","https://surviber-fps.vercel.app/","a6c246ae-f84b-4c43-87b4-05db6b55afc3",2025-03-16T22:46:57.149Z,2025-03-16T22:46:57.149Z,"Shooter,Action,Survival","https://x.com/0xyardev","https://res.cloudinary.com/dxow1rafl/image/upload/v1742172258/grokade-screenshots/Surviber_FPS_20250310_202307.png","https://res.cloudinary.com/dxow1rafl/image/upload/v1742172259/grokade-screenshots/Surviber_FPS_20250316_154640.png","https://res.cloudinary.com/dxow1rafl/image/upload/v1742172261/grokade-screenshots/Surviber_FPS_20250310_202612.png","https://res.cloudinary.com/dxow1rafl/image/upload/v1742172262/grokade-screenshots/Surviber_FPS_20250316_160224.png"
"20f4e68a-8d53-454a-a405-d40fa30e4674","Race Viberz","Race around the track with your mates!","https://res.cloudinary.com/dxow1rafl/image/upload/v120250316/grokade-screenshots/Race_Viberz_20250316_154641.png","https://raceviberz.vercel.app/","a6c246ae-f84b-4c43-87b4-05db6b55afc3",2025-03-16T22:46:57.149Z,2025-03-16T22:46:57.149Z,"Racing","https://x.com/LoukilAymen","https://res.cloudinary.com/dxow1rafl/image/upload/v1742172264/grokade-screenshots/Race_Viberz_20250316_154641.png","https://res.cloudinary.com/dxow1rafl/image/upload/v1742172266/grokade-screenshots/Race_Viberz_20250310_202307.png","https://res.cloudinary.com/dxow1rafl/image/upload/v1742172268/grokade-screenshots/Race_Viberz_20250316_160225.png","https://res.cloudinary.com/dxow1rafl/image/upload/v1742172270/grokade-screenshots/Race_Viberz_20250310_202612.png"
"1c44b058-5546-4826-ae5b-262763ad2a31","Escape Prison Cell","Well designed and executed escape room. It's harder than you think","https://res.cloudinary.com/dxow1rafl/image/upload/v120250316/grokade-screenshots/Escape_Prison_Cell_20250316_154642.png","https://escape-prison-cell.vercel.app/","a6c246ae-f84b-4c43-87b4-05db6b55afc3",2025-03-16T22:46:57.149Z,2025-03-16T22:46:57.149Z,"Puzzle","https://x.com/jamesckemp","https://res.cloudinary.com/dxow1rafl/image/upload/v1742171293/grokade-screenshots/Escape_Prison_Cell_20250310_202308.png","https://res.cloudinary.com/dxow1rafl/image/upload/v1742171942/grokade-screenshots/Escape_Prison_Cell_20250316_154642.png","https://res.cloudinary.com/dxow1rafl/image/upload/v1742171944/grokade-screenshots/Escape_Prison_Cell_20250316_160225.png","https://res.cloudinary.com/dxow1rafl/image/upload/v1742171947/grokade-screenshots/Escape_Prison_Cell_20250310_202613.png"
"91698f39-9bc5-464f-8aaf-e73a8a0f3cea","Arcade City","This is a game within a game. You could just fly around the neon city and then do some speed racing on a 3d track!","https://res.cloudinary.com/dxow1rafl/image/upload/v120250316/grokade-screenshots/Arcade_City_20250316_154644.png","https://arcade.0xrome.com/","a6c246ae-f84b-4c43-87b4-05db6b55afc3",2025-03-16T22:46:57.149Z,2025-03-17T01:47:15.032Z,"Racing,Arcade","https://x.com/0xRome","https://res.cloudinary.com/dxow1rafl/image/upload/v1742171227/grokade-screenshots/Arcade_City_20250316_160227.png","https://res.cloudinary.com/dxow1rafl/image/upload/v1742171626/grokade-screenshots/Arcade_City_20250310_202615.png","https://res.cloudinary.com/dxow1rafl/image/upload/v1742171631/grokade-screenshots/Arcade_City_20250316_154644.png","https://res.cloudinary.com/dxow1rafl/image/upload/v1742171634/grokade-screenshots/Arcade_City_20250310_202310.png"
"408320e2-1adb-470a-b015-6e39bf8a5990","Racing Cart","Race around the track, but be sure not to hit the kerb!","https://res.cloudinary.com/dxow1rafl/image/upload/v120250316/grokade-screenshots/Racing_Cart_20250316_154644.png","https://racingcart.vercel.app","a6c246ae-f84b-4c43-87b4-05db6b55afc3",2025-03-16T22:46:57.149Z,2025-03-17T19:29:16.528Z,"Racing","https://x.com/pat_codes","https://res.cloudinary.com/dxow1rafl/image/upload/v1742171229/grokade-screenshots/Racing_Cart_20250316_160228.png","https://res.cloudinary.com/dxow1rafl/image/upload/v1742171637/grokade-screenshots/Racing_Cart_20250316_154644.png",,
"193935c5-ac96-4664-bcc0-9869b84e1548","Wildy Royale","Join a team or play alone and defend against waves of zombies in this first-person battle royale game.","https://res.cloudinary.com/dxow1rafl/image/upload/v120250316/grokade-screenshots/Wildy_Royale_20250316_154636.png","https://www.wildyroyale.com/","a6c246ae-f84b-4c43-87b4-05db6b55afc3",2025-03-16T22:46:57.149Z,2025-03-17T19:41:34.534Z,"Action,Fighting,Sports","https://x.com/nathansrobinson","https://res.cloudinary.com/dxow1rafl/image/upload/v1742171775/grokade-screenshots/Wildy_Royale_20250310_202608.png","https://res.cloudinary.com/dxow1rafl/image/upload/v1742171778/grokade-screenshots/Wildy_Royale_20250310_202302.png","https://res.cloudinary.com/dxow1rafl/image/upload/v1742171781/grokade-screenshots/Wildy_Royale_20250316_154636.png","https://res.cloudinary.com/dxow1rafl/image/upload/v1742171783/grokade-screenshots/Wildy_Royale_20250316_155702.png"
"eccd75c9-812b-4464-b542-8dc1c4fa94f9","WW2 Dogfight Arena","Most beautiful multiplayer dogfight game. Play with your friends or against them in this fast paced game.","https://res.cloudinary.com/dxow1rafl/image/upload/v120250316/grokade-screenshots/WW2_Dogfight_Arena_20250316_154634.png","https://fly.zullo.fun/","a6c246ae-f84b-4c43-87b4-05db6b55afc3",2025-03-16T22:46:57.149Z,2025-03-17T19:41:34.534Z,"Fighting,Action,Racing","https://x.com/NicolasZu","https://res.cloudinary.com/dxow1rafl/image/upload/v1742171849/grokade-screenshots/WW2_Dogfight_Arena_20250310_202301.png","https://res.cloudinary.com/dxow1rafl/image/upload/v1742171851/grokade-screenshots/WW2_Dogfight_Arena_20250316_160218.png","https://res.cloudinary.com/dxow1rafl/image/upload/v1742171853/grokade-screenshots/WW2_Dogfight_Arena_20250310_202606.png","https://res.cloudinary.com/dxow1rafl/image/upload/v1742171856/grokade-screenshots/WW2_Dogfight_Arena_20250316_154634.png"
"7f37cb28-0731-4c2a-b1b9-16cd56a57367","Hot Air Balloon","Take a chill ride on a hotair baloon amoung the snowy mountains","https://res.cloudinary.com/dxow1rafl/image/upload/v120250316/grokade-screenshots/Hot_Air_Balloon_20250316_154547.webp","https://www.hotairvibe.com/","a6c246ae-f84b-4c43-87b4-05db6b55afc3",2025-03-16T22:46:57.149Z,2025-03-17T19:41:34.534Z,"Sports","https://x.com/SieversJosua","https://res.cloudinary.com/dxow1rafl/image/upload/v1742172126/grokade-screenshots/Hot_Air_Balloon_20250316_154547.jpg","https://res.cloudinary.com/dxow1rafl/image/upload/v1742172127/grokade-screenshots/Hot_Air_Balloon_20250310_200532.jpg","https://res.cloudinary.com/dxow1rafl/image/upload/v1742172128/grokade-screenshots/Hot_Air_Balloon_20250310_202554.jpg","https://res.cloudinary.com/dxow1rafl/image/upload/v1742172129/grokade-screenshots/Hot_Air_Balloon_20250316_160223.png"
"9359a360-70c0-43ad-bceb-9912f7d134da","Flee Battle","Flee the battle!","https://res.cloudinary.com/dxow1rafl/image/upload/v1742171306/grokade-screenshots/Flee_Battle_20250310_203340.png","https://languagedungeon.com/","a6c246ae-f84b-4c43-87b4-05db6b55afc3",2025-03-16T22:22:34.786Z,2025-03-17T19:42:50.818Z,"Action,Fighting","https://x.com/maxhertan","https://res.cloudinary.com/dxow1rafl/image/upload/v1742171306/grokade-screenshots/Flee_Battle_20250310_203340.png","https://res.cloudinary.com/dxow1rafl/image/upload/v1742171990/grokade-screenshots/Flee_Battle_20250316_155716.png","https://res.cloudinary.com/dxow1rafl/image/upload/v1742171991/grokade-screenshots/Flee_Battle_20250310_202412.png","https://res.cloudinary.com/dxow1rafl/image/upload/v1742171993/grokade-screenshots/Flee_Battle_20250316_155718.png"